DATE,USEPUINDXD
2011-06-28,101.97000
2011-06-29,132.50000
2011-06-30,128.68000
2011-07-01,75.90000
2011-07-02,73.02000
2011-07-03,163.12000
2011-07-04,100.21000
2011-07-05,118.28000
2011-07-06,134.79000
2011-07-07,99.83000
2011-07-08,199.44000
2011-07-09,265.12000
2011-07-10,149.09000
2011-07-11,250.81000
2011-07-12,187.56000
2011-07-13,129.06000
2011-07-14,170.74000
2011-07-15,163.60000
2011-07-16,152.65000
2011-07-17,216.46000
2011-07-18,99.15000
2011-07-19,136.40000
2011-07-20,116.97000
2011-07-21,121.99000
2011-07-22,199.37000
2011-07-23,355.29000
2011-07-24,305.80000
2011-07-25,338.91000
2011-07-26,266.01000
2011-07-27,261.74000
2011-07-28,254.85000
2011-07-29,291.21000
2011-07-30,487.28000
2011-07-31,320.02000
2011-08-01,329.02000
2011-08-02,490.89000
2011-08-03,356.20000
2011-08-04,130.12000
2011-08-05,189.76000
2011-08-06,323.25000
2011-08-07,319.21000
2011-08-08,476.87000
2011-08-09,443.48000
2011-08-10,305.99000
2011-08-11,230.29000
2011-08-12,359.28000
2011-08-13,226.53000
2011-08-14,285.02000
2011-08-15,253.66000
2011-08-16,203.84000
2011-08-17,146.26000
2011-08-18,173.87000
2011-08-19,252.25000
2011-08-20,224.34000
2011-08-21,345.06000
2011-08-22,232.55000
2011-08-23,230.60000
2011-08-24,194.72000
2011-08-25,123.67000
2011-08-26,215.31000
2011-08-27,184.23000
2011-08-28,147.46000
2011-08-29,178.83000
2011-08-30,146.00000
2011-08-31,152.92000
2011-09-01,252.61000
2011-09-02,234.96000
2011-09-03,570.11000
2011-09-04,263.98000
2011-09-05,281.88000
2011-09-06,245.23000
2011-09-07,185.20000
2011-09-08,316.78000
2011-09-09,277.01000
2011-09-10,192.66000
2011-09-11,160.25000
2011-09-12,157.25000
2011-09-13,315.92000
2011-09-14,271.84000
2011-09-15,224.41000
2011-09-16,237.76000
2011-09-17,136.73000
2011-09-18,268.06000
2011-09-19,247.22000
2011-09-20,216.69000
2011-09-21,189.98000
2011-09-22,112.34000
2011-09-23,112.93000
2011-09-24,108.74000
2011-09-25,228.42000
2011-09-26,273.93000
2011-09-27,207.28000
2011-09-28,148.13000
2011-09-29,100.61000
2011-09-30,106.29000
2011-10-01,99.06000
2011-10-02,165.91000
2011-10-03,171.61000
2011-10-04,183.46000
2011-10-05,143.93000
2011-10-06,67.52000
2011-10-07,141.09000
2011-10-08,150.56000
2011-10-09,158.26000
2011-10-10,136.10000
2011-10-11,170.18000
2011-10-12,95.29000
2011-10-13,144.00000
2011-10-14,393.25000
2011-10-15,94.38000
2011-10-16,168.41000
2011-10-17,88.96000
2011-10-18,110.32000
2011-10-19,104.70000
2011-10-20,153.42000
2011-10-21,106.79000
2011-10-22,144.36000
2011-10-23,121.69000
2011-10-24,99.31000
2011-10-25,127.73000
2011-10-26,128.20000
2011-10-27,73.65000
2011-10-28,123.53000
2011-10-29,58.87000
2011-10-30,115.53000
2011-10-31,106.27000
2011-11-01,85.57000
2011-11-02,82.60000
2011-11-03,74.38000
2011-11-04,101.41000
2011-11-05,159.90000
2011-11-06,123.34000
2011-11-07,65.81000
2011-11-08,102.30000
2011-11-09,98.42000
2011-11-10,146.92000
2011-11-11,191.23000
2011-11-12,222.04000
2011-11-13,141.87000
2011-11-14,186.38000
2011-11-15,116.71000
2011-11-16,161.74000
2011-11-17,113.76000
2011-11-18,100.23000
2011-11-19,101.25000
2011-11-20,199.89000
2011-11-21,175.43000
2011-11-22,230.78000
2011-11-23,176.33000
2011-11-24,87.27000
2011-11-25,165.18000
2011-11-26,123.34000
2011-11-27,165.74000
2011-11-28,120.85000
2011-11-29,100.85000
2011-11-30,90.16000
2011-12-01,115.59000
2011-12-02,184.64000
2011-12-03,134.05000
2011-12-04,270.31000
2011-12-05,180.69000
2011-12-06,101.98000
2011-12-07,168.73000
2011-12-08,89.75000
2011-12-09,176.26000
2011-12-10,197.01000
2011-12-11,355.02000
2011-12-12,270.45000
2011-12-13,198.44000
2011-12-14,167.64000
2011-12-15,106.34000
2011-12-16,164.61000
2011-12-17,97.99000
2011-12-18,186.08000
2011-12-19,235.34000
2011-12-20,203.98000
2011-12-21,180.75000
2011-12-22,137.25000
2011-12-23,204.63000
2011-12-24,235.44000
2011-12-25,288.84000
2011-12-26,255.97000
2011-12-27,219.79000
2011-12-28,133.43000
2011-12-29,170.36000
2011-12-30,140.77000
2011-12-31,193.99000
2012-01-01,419.03000
2012-01-02,217.29000
2012-01-03,200.32000
2012-01-04,159.76000
2012-01-05,92.24000
2012-01-06,134.12000
2012-01-07,108.81000
2012-01-08,218.93000
2012-01-09,126.95000
2012-01-10,84.34000
2012-01-11,168.32000
2012-01-12,111.69000
2012-01-13,162.32000
2012-01-14,55.13000
2012-01-15,175.45000
2012-01-16,128.39000
2012-01-17,147.06000
2012-01-18,103.11000
2012-01-19,185.30000
2012-01-20,118.88000
2012-01-21,183.79000
2012-01-22,233.12000
2012-01-23,158.58000
2012-01-24,163.32000
2012-01-25,284.94000
2012-01-26,124.86000
2012-01-27,94.26000
2012-01-28,71.47000
2012-01-29,191.71000
2012-01-30,125.16000
2012-01-31,92.52000
2012-02-01,123.13000
2012-02-02,103.72000
2012-02-03,145.63000
2012-02-04,89.01000
2012-02-05,138.03000
2012-02-06,153.87000
2012-02-07,103.69000
2012-02-08,106.66000
2012-02-09,93.89000
2012-02-10,168.02000
2012-02-11,76.07000
2012-02-12,133.04000
2012-02-13,91.89000
2012-02-14,122.49000
2012-02-15,65.95000
2012-02-16,128.40000
2012-02-17,180.16000
2012-02-18,92.34000
2012-02-19,155.64000
2012-02-20,128.48000
2012-02-21,109.80000
2012-02-22,119.14000
2012-02-23,58.20000
2012-02-24,66.25000
2012-02-25,133.22000
2012-02-26,168.38000
2012-02-27,87.58000
2012-02-28,73.57000
2012-02-29,51.90000
2012-03-01,91.38000
2012-03-02,66.24000
2012-03-03,76.54000
2012-03-04,93.62000
2012-03-05,74.99000
2012-03-06,73.46000
2012-03-07,90.74000
2012-03-08,54.01000
2012-03-09,76.37000
2012-03-10,77.02000
2012-03-11,134.93000
2012-03-12,130.28000
2012-03-13,59.01000
2012-03-14,101.42000
2012-03-15,83.56000
2012-03-16,106.65000
2012-03-17,92.84000
2012-03-18,99.13000
2012-03-19,105.58000
2012-03-20,63.51000
2012-03-21,66.71000
2012-03-22,75.81000
2012-03-23,74.64000
2012-03-24,98.86000
2012-03-25,116.13000
2012-03-26,135.98000
2012-03-27,84.91000
2012-03-28,80.81000
2012-03-29,99.07000
2012-03-30,131.30000
2012-03-31,82.22000
2012-04-01,140.79000
2012-04-02,71.20000
2012-04-03,117.31000
2012-04-04,78.88000
2012-04-05,58.01000
2012-04-06,73.89000
2012-04-07,129.18000
2012-04-08,111.03000
2012-04-09,87.04000
2012-04-10,78.05000
2012-04-11,167.23000
2012-04-12,43.06000
2012-04-13,63.72000
2012-04-14,52.98000
2012-04-15,124.56000
2012-04-16,78.95000
2012-04-17,82.11000
2012-04-18,90.56000
2012-04-19,89.96000
2012-04-20,35.44000
2012-04-21,48.26000
2012-04-22,104.53000
2012-04-23,61.67000
2012-04-24,199.47000
2012-04-25,87.50000
2012-04-26,89.07000
2012-04-27,177.79000
2012-04-28,83.24000
2012-04-29,111.33000
2012-04-30,111.81000
2012-05-01,91.67000
2012-05-02,125.35000
2012-05-03,81.30000
2012-05-04,87.03000
2012-05-05,114.87000
2012-05-06,146.40000
2012-05-07,164.79000
2012-05-08,218.27000
2012-05-09,159.06000
2012-05-10,72.03000
2012-05-11,81.38000
2012-05-12,79.63000
2012-05-13,176.18000
2012-05-14,124.65000
2012-05-15,146.71000
2012-05-16,117.36000
2012-05-17,93.44000
2012-05-18,130.74000
2012-05-19,119.13000
2012-05-20,158.16000
2012-05-21,206.00000
2012-05-22,129.21000
2012-05-23,93.86000
2012-05-24,99.17000
2012-05-25,106.54000
2012-05-26,119.47000
2012-05-27,109.08000
2012-05-28,80.70000
2012-05-29,111.45000
2012-05-30,75.26000
2012-05-31,108.36000
2012-06-01,169.40000
2012-06-02,289.70000
2012-06-03,265.21000
2012-06-04,173.04000
2012-06-05,101.15000
2012-06-06,148.17000
2012-06-07,151.88000
2012-06-08,127.91000
2012-06-09,93.17000
2012-06-10,179.49000
2012-06-11,160.88000
2012-06-12,92.04000
2012-06-13,142.39000
2012-06-14,76.57000
2012-06-15,218.00000
2012-06-16,252.70000
2012-06-17,185.89000
2012-06-18,191.92000
2012-06-19,133.65000
2012-06-20,162.54000
2012-06-21,162.47000
2012-06-22,202.50000
2012-06-23,71.63000
2012-06-24,200.69000
2012-06-25,167.88000
2012-06-26,91.77000
2012-06-27,190.31000
2012-06-28,158.77000
2012-06-29,304.81000
2012-06-30,222.24000
2012-07-01,187.35000
2012-07-02,147.52000
2012-07-03,104.67000
2012-07-04,167.88000
2012-07-05,108.29000
2012-07-06,145.09000
2012-07-07,232.38000
2012-07-08,189.02000
2012-07-09,142.06000
2012-07-10,251.27000
2012-07-11,268.08000
2012-07-12,184.75000
2012-07-13,278.29000
2012-07-14,191.24000
2012-07-15,175.60000
2012-07-16,212.41000
2012-07-17,205.58000
2012-07-18,213.86000
2012-07-19,168.71000
2012-07-20,172.74000
2012-07-21,187.06000
2012-07-22,182.35000
2012-07-23,157.65000
2012-07-24,139.34000
2012-07-25,134.93000
2012-07-26,68.36000
2012-07-27,128.12000
2012-07-28,115.78000
2012-07-29,182.58000
2012-07-30,166.93000
2012-07-31,109.48000
2012-08-01,138.78000
2012-08-02,130.32000
2012-08-03,168.04000
2012-08-04,248.31000
2012-08-05,250.05000
2012-08-06,143.81000
2012-08-07,141.07000
2012-08-08,86.84000
2012-08-09,90.46000
2012-08-10,100.51000
2012-08-11,139.86000
2012-08-12,243.35000
2012-08-13,177.44000
2012-08-14,168.47000
2012-08-15,135.19000
2012-08-16,148.34000
2012-08-17,114.42000
2012-08-18,134.55000
2012-08-19,187.33000
2012-08-20,110.74000
2012-08-21,110.31000
2012-08-22,104.40000
2012-08-23,132.50000
2012-08-24,203.40000
2012-08-25,132.36000
2012-08-26,157.88000
2012-08-27,118.65000
2012-08-28,102.07000
2012-08-29,110.02000
2012-08-30,149.59000
2012-08-31,259.97000
2012-09-01,131.72000
2012-09-02,152.36000
2012-09-03,134.67000
2012-09-04,117.10000
2012-09-05,140.89000
2012-09-06,135.68000
2012-09-07,195.50000
2012-09-08,90.85000
2012-09-09,161.35000
2012-09-10,125.36000
2012-09-11,68.01000
2012-09-12,121.80000
2012-09-13,150.37000
2012-09-14,212.66000
2012-09-15,187.60000
2012-09-16,122.14000
2012-09-17,112.47000
2012-09-18,170.21000
2012-09-19,174.22000
2012-09-20,133.41000
2012-09-21,152.08000
2012-09-22,137.51000
2012-09-23,217.75000
2012-09-24,203.28000
2012-09-25,126.11000
2012-09-26,105.56000
2012-09-27,79.76000
2012-09-28,159.61000
2012-09-29,161.08000
2012-09-30,217.00000
2012-10-01,178.17000
2012-10-02,138.68000
2012-10-03,152.28000
2012-10-04,108.30000
2012-10-05,208.37000
2012-10-06,87.67000
2012-10-07,207.07000
2012-10-08,130.89000
2012-10-09,118.20000
2012-10-10,129.14000
2012-10-11,127.14000
2012-10-12,114.50000
2012-10-13,111.03000
2012-10-14,156.42000
2012-10-15,197.95000
2012-10-16,199.82000
2012-10-17,196.86000
2012-10-18,205.58000
2012-10-19,170.07000
2012-10-20,178.57000
2012-10-21,250.82000
2012-10-22,155.59000
2012-10-23,113.57000
2012-10-24,118.63000
2012-10-25,128.87000
2012-10-26,210.63000
2012-10-27,142.45000
2012-10-28,215.73000
2012-10-29,235.95000
2012-10-30,182.04000
2012-10-31,141.64000
2012-11-01,196.81000
2012-11-02,82.44000
2012-11-03,224.11000
2012-11-04,212.98000
2012-11-05,225.43000
2012-11-06,195.50000
2012-11-07,358.00000
2012-11-08,241.14000
2012-11-09,278.07000
2012-11-10,225.13000
2012-11-11,265.14000
2012-11-12,188.45000
2012-11-13,207.36000
2012-11-14,213.51000
2012-11-15,195.26000
2012-11-16,194.72000
2012-11-17,119.39000
2012-11-18,241.26000
2012-11-19,203.57000
2012-11-20,192.60000
2012-11-21,159.80000
2012-11-22,69.91000
2012-11-23,272.90000
2012-11-24,190.85000
2012-11-25,283.55000
2012-11-26,212.05000
2012-11-27,177.67000
2012-11-28,152.15000
2012-11-29,214.40000
2012-11-30,251.56000
2012-12-01,121.33000
2012-12-02,177.86000
2012-12-03,174.34000
2012-12-04,243.44000
2012-12-05,182.40000
2012-12-06,244.15000
2012-12-07,194.02000
2012-12-08,194.39000
2012-12-09,221.87000
2012-12-10,166.13000
2012-12-11,316.27000
2012-12-12,161.39000
2012-12-13,231.84000
2012-12-14,162.65000
2012-12-15,128.86000
2012-12-16,293.93000
2012-12-17,230.80000
2012-12-18,136.60000
2012-12-19,77.04000
2012-12-20,146.83000
2012-12-21,188.68000
2012-12-22,188.83000
2012-12-23,242.39000
2012-12-24,236.44000
2012-12-25,151.10000
2012-12-26,231.81000
2012-12-27,350.12000
2012-12-28,251.11000
2012-12-29,346.49000
2012-12-30,321.81000
2012-12-31,249.99000
2013-01-01,548.47000
2013-01-02,329.02000
2013-01-03,366.82000
2013-01-04,287.90000
2013-01-05,272.15000
2013-01-06,353.90000
2013-01-07,242.97000
2013-01-08,113.90000
2013-01-09,101.68000
2013-01-10,96.78000
2013-01-11,196.09000
2013-01-12,85.22000
2013-01-13,159.23000
2013-01-14,170.10000
2013-01-15,133.24000
2013-01-16,188.22000
2013-01-17,131.98000
2013-01-18,247.95000
2013-01-19,346.93000
2013-01-20,170.57000
2013-01-21,332.22000
2013-01-22,150.73000
2013-01-23,168.82000
2013-01-24,166.64000
2013-01-25,174.97000
2013-01-26,127.03000
2013-01-27,135.84000
2013-01-28,103.21000
2013-01-29,140.52000
2013-01-30,154.76000
2013-01-31,126.24000
2013-02-01,124.41000
2013-02-02,157.19000
2013-02-03,243.55000
2013-02-04,154.01000
2013-02-05,108.14000
2013-02-06,112.99000
2013-02-07,91.62000
2013-02-08,72.22000
2013-02-09,66.61000
2013-02-10,87.64000
2013-02-11,75.91000
2013-02-12,106.26000
2013-02-13,112.16000
2013-02-14,94.18000
2013-02-15,164.94000
2013-02-16,131.23000
2013-02-17,184.96000
2013-02-18,136.77000
2013-02-19,72.63000
2013-02-20,95.67000
2013-02-21,153.96000
2013-02-22,134.46000
2013-02-23,122.93000
2013-02-24,237.51000
2013-02-25,267.23000
2013-02-26,335.75000
2013-02-27,186.20000
2013-02-28,234.74000
2013-03-01,324.04000
2013-03-02,202.86000
2013-03-03,122.32000
2013-03-04,160.70000
2013-03-05,144.85000
2013-03-06,172.55000
2013-03-07,100.39000
2013-03-08,95.85000
2013-03-09,233.70000
2013-03-10,136.13000
2013-03-11,117.47000
2013-03-12,111.62000
2013-03-13,122.09000
2013-03-14,58.06000
2013-03-15,104.12000
2013-03-16,77.03000
2013-03-17,148.54000
2013-03-18,115.79000
2013-03-19,130.57000
2013-03-20,144.81000
2013-03-21,156.20000
2013-03-22,105.79000
2013-03-23,109.54000
2013-03-24,126.08000
2013-03-25,178.57000
2013-03-26,163.29000
2013-03-27,177.06000
2013-03-28,72.92000
2013-03-29,90.71000
2013-03-30,115.02000
2013-03-31,154.03000
2013-04-01,104.12000
2013-04-02,86.12000
2013-04-03,85.68000
2013-04-04,101.29000
2013-04-05,104.65000
2013-04-06,138.62000
2013-04-07,123.55000
2013-04-08,64.04000
2013-04-09,68.93000
2013-04-10,145.88000
2013-04-11,55.27000
2013-04-12,42.73000
2013-04-13,84.41000
2013-04-14,114.58000
2013-04-15,138.99000
2013-04-16,27.22000
2013-04-17,86.66000
2013-04-18,51.21000
2013-04-19,57.50000
2013-04-20,83.67000
2013-04-21,106.18000
2013-04-22,64.71000
2013-04-23,111.75000
2013-04-24,126.26000
2013-04-25,44.58000
2013-04-26,92.18000
2013-04-27,59.83000
2013-04-28,115.63000
2013-04-29,107.23000
2013-04-30,81.56000
2013-05-01,74.13000
2013-05-02,101.98000
2013-05-03,104.35000
2013-05-04,91.00000
2013-05-05,103.25000
2013-05-06,68.88000
2013-05-07,110.22000
2013-05-08,60.31000
2013-05-09,30.12000
2013-05-10,65.03000
2013-05-11,95.81000
2013-05-12,100.52000
2013-05-13,51.80000
2013-05-14,166.99000
2013-05-15,60.66000
2013-05-16,75.24000
2013-05-17,27.77000
2013-05-18,93.67000
2013-05-19,96.28000
2013-05-20,76.24000
2013-05-21,54.39000
2013-05-22,78.07000
2013-05-23,68.76000
2013-05-24,75.95000
2013-05-25,50.14000
2013-05-26,109.35000
2013-05-27,87.19000
2013-05-28,56.65000
2013-05-29,69.87000
2013-05-30,58.20000
2013-05-31,66.84000
2013-06-01,68.25000
2013-06-02,65.50000
2013-06-03,85.84000
2013-06-04,60.51000
2013-06-05,63.07000
2013-06-06,60.60000
2013-06-07,63.43000
2013-06-08,101.54000
2013-06-09,72.35000
2013-06-10,76.66000
2013-06-11,83.91000
2013-06-12,81.19000
2013-06-13,48.34000
2013-06-14,89.93000
2013-06-15,52.02000
2013-06-16,102.86000
2013-06-17,108.54000
2013-06-18,96.83000
2013-06-19,117.49000
2013-06-20,58.60000
2013-06-21,89.92000
2013-06-22,67.01000
2013-06-23,62.97000
2013-06-24,79.15000
2013-06-25,69.15000
2013-06-26,74.89000
2013-06-27,65.35000
2013-06-28,116.34000
2013-06-29,145.73000
2013-06-30,122.13000
2013-07-01,78.43000
2013-07-02,89.93000
2013-07-03,74.91000
2013-07-04,116.71000
2013-07-05,191.82000
2013-07-06,186.17000
2013-07-07,190.28000
2013-07-08,153.37000
2013-07-09,142.43000
2013-07-10,64.98000
2013-07-11,26.79000
2013-07-12,50.01000
2013-07-13,59.42000
2013-07-14,97.13000
2013-07-15,75.52000
2013-07-16,90.59000
2013-07-17,70.45000
2013-07-18,46.82000
2013-07-19,87.73000
2013-07-20,29.45000
2013-07-21,89.47000
2013-07-22,177.90000
2013-07-23,63.97000
2013-07-24,107.63000
2013-07-25,57.31000
2013-07-26,28.78000
2013-07-27,58.63000
2013-07-28,96.41000
2013-07-29,133.04000
2013-07-30,76.21000
2013-07-31,77.62000
2013-08-01,92.95000
2013-08-02,57.34000
2013-08-03,117.54000
2013-08-04,116.55000
2013-08-05,65.12000
2013-08-06,60.63000
2013-08-07,100.46000
2013-08-08,83.30000
2013-08-09,99.01000
2013-08-10,137.39000
2013-08-11,145.71000
2013-08-12,80.69000
2013-08-13,82.77000
2013-08-14,65.28000
2013-08-15,43.95000
2013-08-16,76.50000
2013-08-17,67.78000
2013-08-18,121.14000
2013-08-19,136.62000
2013-08-20,111.56000
2013-08-21,96.17000
2013-08-22,89.29000
2013-08-23,45.99000
2013-08-24,106.31000
2013-08-25,124.21000
2013-08-26,124.03000
2013-08-27,86.16000
2013-08-28,64.04000
2013-08-29,87.64000
2013-08-30,91.16000
2013-08-31,101.91000
2013-09-01,100.75000
2013-09-02,137.60000
2013-09-03,168.05000
2013-09-04,133.57000
2013-09-05,121.68000
2013-09-06,174.48000
2013-09-07,179.74000
2013-09-08,95.48000
2013-09-09,59.96000
2013-09-10,53.00000
2013-09-11,96.02000
2013-09-12,59.84000
2013-09-13,39.94000
2013-09-14,91.28000
2013-09-15,83.42000
2013-09-16,149.94000
2013-09-17,127.79000
2013-09-18,84.39000
2013-09-19,87.37000
2013-09-20,160.51000
2013-09-21,230.70000
2013-09-22,115.33000
2013-09-23,105.52000
2013-09-24,127.69000
2013-09-25,134.20000
2013-09-26,83.62000
2013-09-27,91.83000
2013-09-28,124.00000
2013-09-29,127.01000
2013-09-30,156.80000
2013-10-01,271.77000
2013-10-02,205.03000
2013-10-03,142.62000
2013-10-04,187.28000
2013-10-05,170.83000
2013-10-06,173.15000
2013-10-07,135.95000
2013-10-08,198.47000
2013-10-09,164.69000
2013-10-10,208.16000
2013-10-11,197.50000
2013-10-12,173.80000
2013-10-13,255.14000
2013-10-14,317.57000
2013-10-15,311.33000
2013-10-16,302.38000
2013-10-17,323.65000
2013-10-18,199.23000
2013-10-19,151.96000
2013-10-20,152.96000
2013-10-21,10.92000
2013-10-22,101.82000
2013-10-23,172.74000
2013-10-24,85.92000
2013-10-25,125.94000
2013-10-26,75.55000
2013-10-27,145.56000
2013-10-28,87.68000
2013-10-29,168.70000
2013-10-30,178.66000
2013-10-31,67.75000
2013-11-01,45.43000
2013-11-02,118.26000
2013-11-03,146.81000
2013-11-04,146.15000
2013-11-05,63.38000
2013-11-06,57.22000
2013-11-07,46.97000
2013-11-08,84.94000
2013-11-09,116.91000
2013-11-10,77.95000
2013-11-11,179.62000
2013-11-12,7.71000
2013-11-13,55.90000
2013-11-14,48.95000
2013-11-15,68.24000
2013-11-16,85.40000
2013-11-17,86.17000
2013-11-18,98.11000
2013-11-19,83.02000
2013-11-20,94.99000
2013-11-21,92.72000
2013-11-22,67.16000
2013-11-23,26.78000
2013-11-24,94.28000
2013-11-25,138.46000
2013-11-26,36.52000
2013-11-27,41.47000
2013-11-28,116.17000
2013-11-29,95.19000
2013-11-30,93.59000
2013-12-01,119.23000
2013-12-02,115.32000
2013-12-03,103.28000
2013-12-04,98.29000
2013-12-05,71.41000
2013-12-06,59.69000
2013-12-07,77.94000
2013-12-08,72.95000
2013-12-09,67.72000
2013-12-10,98.47000
2013-12-11,101.72000
2013-12-12,110.87000
2013-12-13,127.96000
2013-12-14,105.51000
2013-12-15,96.72000
2013-12-16,100.86000
2013-12-17,99.02000
2013-12-18,97.71000
2013-12-19,152.19000
2013-12-20,52.07000
2013-12-21,64.44000
2013-12-22,158.54000
2013-12-23,75.16000
2013-12-24,29.66000
2013-12-25,50.02000
2013-12-26,33.17000
2013-12-27,71.17000
2013-12-28,70.37000
2013-12-29,121.37000
2013-12-30,86.24000
2013-12-31,130.03000
2014-01-01,173.05000
2014-01-02,103.08000
2014-01-03,113.11000
2014-01-04,77.86000
2014-01-05,144.91000
2014-01-06,121.14000
2014-01-07,93.88000
2014-01-08,106.42000
2014-01-09,60.31000
2014-01-10,67.96000
2014-01-11,63.29000
2014-01-12,130.09000
2014-01-13,100.01000
2014-01-14,57.03000
2014-01-15,67.70000
2014-01-16,80.94000
2014-01-17,66.52000
2014-01-18,36.74000
2014-01-19,54.61000
2014-01-20,118.21000
2014-01-21,93.53000
2014-01-22,141.56000
2014-01-23,92.85000
2014-01-24,84.12000
2014-01-25,70.48000
2014-01-26,98.10000
2014-01-27,75.34000
2014-01-28,162.84000
2014-01-29,178.46000
2014-01-30,86.19000
2014-01-31,44.12000
2014-02-01,20.22000
2014-02-02,60.30000
2014-02-03,77.68000
2014-02-04,72.24000
2014-02-05,103.64000
2014-02-06,137.27000
2014-02-07,71.97000
2014-02-08,49.83000
2014-02-09,81.59000
2014-02-10,67.15000
2014-02-11,78.69000
2014-02-12,50.56000
2014-02-13,55.58000
2014-02-14,43.97000
2014-02-15,68.03000
2014-02-16,139.89000
2014-02-17,78.93000
2014-02-18,64.56000
2014-02-19,64.88000
2014-02-20,67.61000
2014-02-21,120.78000
2014-02-22,144.80000
2014-02-23,140.59000
2014-02-24,130.38000
2014-02-25,123.05000
2014-02-26,87.53000
2014-02-27,64.84000
2014-02-28,71.20000
2014-03-01,49.83000
2014-03-02,61.06000
2014-03-03,59.55000
2014-03-04,48.72000
2014-03-05,54.92000
2014-03-06,59.46000
2014-03-07,59.24000
2014-03-08,54.20000
2014-03-09,71.32000
2014-03-10,78.46000
2014-03-11,63.35000
2014-03-12,24.21000
2014-03-13,45.47000
2014-03-14,74.00000
2014-03-15,46.45000
2014-03-16,60.58000
2014-03-17,76.93000
2014-03-18,77.69000
2014-03-19,48.95000
2014-03-20,147.38000
2014-03-21,118.59000
2014-03-22,170.52000
2014-03-23,259.88000
2014-03-24,73.83000
2014-03-25,17.16000
2014-03-26,63.13000
2014-03-27,50.81000
2014-03-28,86.49000
2014-03-29,59.78000
2014-03-30,53.83000
2014-03-31,45.06000
2014-04-01,78.62000
2014-04-02,48.76000
2014-04-03,55.73000
2014-04-04,56.51000
2014-04-05,29.41000
2014-04-06,52.98000
2014-04-07,83.61000
2014-04-08,154.81000
2014-04-09,48.04000
2014-04-10,37.87000
2014-04-11,24.93000
2014-04-12,66.57000
2014-04-13,91.21000
2014-04-14,160.58000
2014-04-15,46.80000
2014-04-16,44.05000
2014-04-17,25.15000
2014-04-18,51.83000
2014-04-19,51.59000
2014-04-20,83.81000
2014-04-21,61.87000
2014-04-22,51.29000
2014-04-23,58.66000
2014-04-24,51.78000
2014-04-25,62.12000
2014-04-26,80.87000
2014-04-27,68.09000
2014-04-28,86.12000
2014-04-29,64.01000
2014-04-30,35.13000
2014-05-01,70.50000
2014-05-02,52.59000
2014-05-03,41.58000
2014-05-04,187.89000
2014-05-05,82.21000
2014-05-06,98.03000
2014-05-07,52.67000
2014-05-08,125.36000
2014-05-09,55.25000
2014-05-10,57.11000
2014-05-11,54.05000
2014-05-12,77.42000
2014-05-13,87.93000
2014-05-14,89.46000
2014-05-15,64.81000
2014-05-16,83.17000
2014-05-17,18.35000
2014-05-18,45.83000
2014-05-19,53.82000
2014-05-20,69.59000
2014-05-21,64.03000
2014-05-22,33.53000
2014-05-23,80.12000
2014-05-24,43.14000
2014-05-25,61.87000
2014-05-26,32.79000
2014-05-27,50.23000
2014-05-28,123.09000
2014-05-29,35.24000
2014-05-30,66.44000
2014-05-31,62.38000
2014-06-01,83.16000
2014-06-02,75.40000
2014-06-03,225.30000
2014-06-04,46.18000
2014-06-05,49.48000
2014-06-06,40.75000
2014-06-07,79.59000
2014-06-08,178.63000
2014-06-09,66.76000
2014-06-10,52.35000
2014-06-11,125.44000
2014-06-12,100.98000
2014-06-13,47.20000
2014-06-14,57.97000
2014-06-15,48.58000
2014-06-16,55.79000
2014-06-17,20.72000
2014-06-18,59.16000
2014-06-19,81.39000
2014-06-20,57.19000
2014-06-21,80.29000
2014-06-22,48.23000
2014-06-23,107.54000
2014-06-24,58.69000
2014-06-25,54.36000
2014-06-26,22.32000
2014-06-27,24.48000
2014-06-28,13.92000
2014-06-29,61.06000
2014-06-30,43.97000
2014-07-01,94.53000
2014-07-02,85.01000
2014-07-03,41.51000
2014-07-04,52.44000
2014-07-05,79.35000
2014-07-06,124.77000
2014-07-07,61.40000
2014-07-08,28.93000
2014-07-09,49.91000
2014-07-10,48.39000
2014-07-11,50.23000
2014-07-12,75.13000
2014-07-13,134.75000
2014-07-14,124.54000
2014-07-15,116.32000
2014-07-16,131.66000
2014-07-17,72.31000
2014-07-18,77.84000
2014-07-19,88.06000
2014-07-20,44.15000
2014-07-21,67.14000
2014-07-22,56.64000
2014-07-23,49.67000
2014-07-24,36.53000
2014-07-25,34.26000
2014-07-26,56.98000
2014-07-27,62.97000
2014-07-28,49.75000
2014-07-29,44.45000
2014-07-30,117.01000
2014-07-31,87.58000
2014-08-01,53.10000
2014-08-02,92.27000
2014-08-03,91.65000
2014-08-04,131.99000
2014-08-05,80.24000
2014-08-06,32.50000
2014-08-07,41.62000
2014-08-08,61.58000
2014-08-09,34.97000
2014-08-10,36.22000
2014-08-11,94.95000
2014-08-12,18.35000
2014-08-13,18.04000
2014-08-14,29.12000
2014-08-15,74.06000
2014-08-16,71.63000
2014-08-17,51.56000
2014-08-18,34.34000
2014-08-19,40.12000
2014-08-20,23.74000
2014-08-21,24.43000
2014-08-22,65.61000
2014-08-23,143.64000
2014-08-24,52.31000
2014-08-25,54.94000
2014-08-26,32.55000
2014-08-27,40.32000
2014-08-28,44.61000
2014-08-29,30.07000
2014-08-30,27.35000
2014-08-31,31.79000
2014-09-01,102.15000
2014-09-02,79.82000
2014-09-03,38.15000
2014-09-04,29.58000
2014-09-05,32.64000
2014-09-06,42.79000
2014-09-07,75.91000
2014-09-08,23.52000
2014-09-09,65.54000
2014-09-10,66.45000
2014-09-11,43.16000
2014-09-12,49.62000
2014-09-13,54.57000
2014-09-14,63.50000
2014-09-15,132.42000
2014-09-16,34.58000
2014-09-17,40.90000
2014-09-18,26.32000
2014-09-19,31.65000
2014-09-20,83.75000
2014-09-21,66.46000
2014-09-22,124.77000
2014-09-23,102.33000
2014-09-24,46.11000
2014-09-25,40.69000
2014-09-26,49.29000
2014-09-27,45.23000
2014-09-28,64.31000
2014-09-29,41.79000
2014-09-30,41.03000
2014-10-01,58.82000
2014-10-02,30.16000
2014-10-03,103.26000
2014-10-04,54.37000
2014-10-05,84.19000
2014-10-06,135.43000
2014-10-07,89.80000
2014-10-08,43.96000
2014-10-09,53.73000
2014-10-10,49.06000
2014-10-11,70.52000
2014-10-12,70.66000
2014-10-13,42.04000
2014-10-14,62.32000
2014-10-15,68.64000
2014-10-16,86.24000
2014-10-17,49.35000
2014-10-18,66.44000
2014-10-19,77.54000
2014-10-20,45.57000
2014-10-21,61.02000
2014-10-22,69.25000
2014-10-23,45.24000
2014-10-24,43.41000
2014-10-25,45.23000
2014-10-26,109.96000
2014-10-27,68.48000
2014-10-28,72.16000
2014-10-29,57.53000
2014-10-30,37.38000
2014-10-31,103.08000
2014-11-01,28.94000
2014-11-02,61.77000
2014-11-03,64.42000
2014-11-04,58.50000
2014-11-05,72.12000
2014-11-06,56.66000
2014-11-07,26.93000
2014-11-08,52.82000
2014-11-09,71.58000
2014-11-10,45.75000
2014-11-11,36.64000
2014-11-12,49.99000
2014-11-13,40.12000
2014-11-14,29.81000
2014-11-15,57.00000
2014-11-16,76.38000
2014-11-17,151.19000
2014-11-18,56.80000
2014-11-19,48.87000
2014-11-20,51.40000
2014-11-21,58.61000
2014-11-22,102.93000
2014-11-23,76.47000
2014-11-24,78.87000
2014-11-25,60.87000
2014-11-26,27.16000
2014-11-27,92.67000
2014-11-28,38.11000
2014-11-29,30.36000
2014-11-30,41.60000
2014-12-01,37.22000
2014-12-02,68.69000
2014-12-03,76.65000
2014-12-04,49.34000
2014-12-05,63.16000
2014-12-06,76.90000
2014-12-07,61.53000
2014-12-08,53.77000
2014-12-09,58.26000
2014-12-10,39.55000
2014-12-11,36.88000
2014-12-12,42.58000
2014-12-13,63.41000
2014-12-14,90.77000
2014-12-15,32.39000
2014-12-16,56.01000
2014-12-17,99.63000
2014-12-18,105.88000
2014-12-19,42.70000
2014-12-20,93.69000
2014-12-21,126.19000
2014-12-22,81.46000
2014-12-23,41.44000
2014-12-24,26.50000
2014-12-25,48.33000
2014-12-26,58.01000
2014-12-27,26.63000
2014-12-28,109.92000
2014-12-29,108.66000
2014-12-30,50.14000
2014-12-31,127.20000
2015-01-01,137.22000
2015-01-02,93.14000
2015-01-03,79.59000
2015-01-04,163.12000
2015-01-05,90.66000
2015-01-06,85.46000
2015-01-07,57.14000
2015-01-08,59.56000
2015-01-09,44.45000
2015-01-10,90.61000
2015-01-11,110.37000
2015-01-12,99.54000
2015-01-13,68.71000
2015-01-14,82.58000
2015-01-15,88.27000
2015-01-16,50.91000
2015-01-17,78.80000
2015-01-18,131.37000
2015-01-19,72.54000
2015-01-20,74.06000
2015-01-21,43.82000
2015-01-22,85.21000
2015-01-23,82.90000
2015-01-24,75.04000
2015-01-25,87.69000
2015-01-26,54.50000
2015-01-27,55.58000
2015-01-28,77.51000
2015-01-29,32.14000
2015-01-30,65.15000
2015-01-31,82.50000
2015-02-01,66.55000
2015-02-02,79.45000
2015-02-03,65.60000
2015-02-04,67.26000
2015-02-05,115.17000
2015-02-06,59.12000
2015-02-07,48.01000
2015-02-08,75.83000
2015-02-09,87.49000
2015-02-10,83.73000
2015-02-11,50.54000
2015-02-12,26.96000
2015-02-13,54.65000
2015-02-14,56.60000
2015-02-15,67.80000
2015-02-16,37.41000
2015-02-17,50.67000
2015-02-18,37.15000
2015-02-19,102.56000
2015-02-20,35.63000
2015-02-21,50.96000
2015-02-22,62.23000
2015-02-23,76.09000
2015-02-24,128.86000
2015-02-25,74.82000
2015-02-26,74.61000
2015-02-27,116.63000
2015-02-28,70.02000
2015-03-01,90.02000
2015-03-02,91.47000
2015-03-03,37.66000
2015-03-04,89.94000
2015-03-05,69.01000
2015-03-06,47.16000
2015-03-07,72.56000
2015-03-08,70.57000
2015-03-09,63.31000
2015-03-10,85.17000
2015-03-11,44.39000
2015-03-12,33.90000
2015-03-13,52.24000
2015-03-14,39.04000
2015-03-15,36.66000
2015-03-16,53.97000
2015-03-17,37.53000
2015-03-18,78.20000
2015-03-19,52.74000
2015-03-20,56.33000
2015-03-21,39.84000
2015-03-22,67.02000
2015-03-23,108.15000
2015-03-24,34.47000
2015-03-25,52.70000
2015-03-26,46.77000
2015-03-27,61.09000
2015-03-28,68.89000
2015-03-29,87.06000
2015-03-30,74.41000
2015-03-31,88.25000
2015-04-01,85.27000
2015-04-02,27.58000
2015-04-03,69.18000
2015-04-04,123.38000
2015-04-05,106.94000
2015-04-06,56.30000
2015-04-07,77.07000
2015-04-08,55.11000
2015-04-09,43.26000
2015-04-10,41.28000
2015-04-11,55.30000
2015-04-12,109.48000
2015-04-13,77.54000
2015-04-14,66.77000
2015-04-15,310.25000
2015-04-16,49.98000
2015-04-17,43.72000
2015-04-18,34.56000
2015-04-19,58.00000
2015-04-20,51.68000
2015-04-21,46.55000
2015-04-22,36.96000
2015-04-23,33.57000
2015-04-24,42.94000
2015-04-25,56.49000
2015-04-26,85.88000
2015-04-27,35.03000
2015-04-28,30.41000
2015-04-29,30.76000
2015-04-30,39.66000
2015-05-01,37.85000
2015-05-02,39.16000
2015-05-03,40.51000
2015-05-04,27.02000
2015-05-05,30.59000
2015-05-06,42.19000
2015-05-07,79.16000
2015-05-08,81.06000
2015-05-09,80.04000
2015-05-10,100.21000
2015-05-11,106.86000
2015-05-12,86.73000
2015-05-13,86.10000
2015-05-14,49.40000
2015-05-15,65.40000
2015-05-16,45.21000
2015-05-17,78.72000
2015-05-18,65.23000
2015-05-19,45.51000
2015-05-20,56.09000
2015-05-21,58.45000
2015-05-22,65.97000
2015-05-23,108.50000
2015-05-24,71.12000
2015-05-25,41.75000
2015-05-26,56.41000
2015-05-27,49.51000
2015-05-28,87.95000
2015-05-29,39.59000
2015-05-30,40.33000
2015-05-31,86.03000
2015-06-01,33.34000
2015-06-02,71.05000
2015-06-03,31.97000
2015-06-04,80.34000
2015-06-05,40.47000
2015-06-06,63.25000
2015-06-07,99.95000
2015-06-08,150.67000
2015-06-09,65.45000
2015-06-10,34.96000
2015-06-11,40.94000
2015-06-12,47.00000
2015-06-13,52.00000
2015-06-14,62.35000
2015-06-15,52.50000
2015-06-16,40.37000
2015-06-17,50.73000
2015-06-18,78.79000
2015-06-19,86.15000
2015-06-20,139.47000
2015-06-21,55.96000
2015-06-22,64.15000
2015-06-23,66.27000
2015-06-24,27.52000
2015-06-25,47.83000
2015-06-26,79.86000
2015-06-27,48.51000
2015-06-28,98.41000
2015-06-29,78.50000
2015-06-30,122.02000
2015-07-01,90.80000
2015-07-02,44.58000
2015-07-03,41.29000
2015-07-04,69.18000
2015-07-05,65.35000
2015-07-06,100.06000
2015-07-07,85.70000
2015-07-08,62.40000
2015-07-09,98.19000
2015-07-10,94.87000
2015-07-11,190.28000
2015-07-12,90.60000
2015-07-13,79.98000
2015-07-14,68.09000
2015-07-15,62.09000
2015-07-16,72.00000
2015-07-17,42.31000
2015-07-18,66.80000
2015-07-19,338.31000
2015-07-20,46.59000
2015-07-21,71.87000
2015-07-22,43.42000
2015-07-23,45.00000
2015-07-24,60.12000
2015-07-25,25.18000
2015-07-26,56.04000
2015-07-27,35.53000
2015-07-28,38.06000
2015-07-29,53.93000
2015-07-30,35.73000
2015-07-31,29.32000
2015-08-01,39.77000
2015-08-02,108.74000
2015-08-03,88.27000
2015-08-04,53.56000
2015-08-05,43.76000
2015-08-06,21.30000
2015-08-07,3.32000
2015-08-08,44.81000
2015-08-09,82.77000
2015-08-10,82.73000
2015-08-11,65.65000
2015-08-12,38.09000
2015-08-13,35.58000
2015-08-14,55.58000
2015-08-15,76.16000
2015-08-16,46.54000
2015-08-17,26.30000
2015-08-18,60.75000
2015-08-19,83.70000
2015-08-20,35.99000
2015-08-21,80.21000
2015-08-22,91.75000
2015-08-23,80.18000
2015-08-24,152.98000
2015-08-25,177.02000
2015-08-26,87.48000
2015-08-27,61.26000
2015-08-28,93.15000
2015-08-29,164.55000
2015-08-30,160.43000
2015-08-31,113.96000
2015-09-01,92.72000
2015-09-02,93.82000
2015-09-03,57.57000
2015-09-04,144.81000
2015-09-05,171.00000
2015-09-06,98.96000
2015-09-07,119.62000
2015-09-08,69.15000
2015-09-09,46.57000
2015-09-10,67.06000
2015-09-11,89.61000
2015-09-12,99.30000
2015-09-13,181.35000
2015-09-14,88.46000
2015-09-15,100.95000
2015-09-16,67.49000
2015-09-17,71.27000
2015-09-18,77.99000
2015-09-19,104.86000
2015-09-20,88.42000
2015-09-21,87.15000
2015-09-22,87.71000
2015-09-23,64.87000
2015-09-24,41.42000
2015-09-25,44.34000
2015-09-26,87.87000
2015-09-27,82.39000
2015-09-28,41.68000
2015-09-29,65.70000
2015-09-30,77.75000
2015-10-01,69.02000
2015-10-02,64.84000
2015-10-03,46.31000
2015-10-04,87.51000
2015-10-05,48.01000
2015-10-06,110.95000
2015-10-07,49.15000
2015-10-08,26.35000
2015-10-09,78.91000
2015-10-10,111.14000
2015-10-11,93.28000
2015-10-12,112.89000
2015-10-13,33.11000
2015-10-14,59.36000
2015-10-15,35.67000
2015-10-16,51.22000
2015-10-17,49.26000
2015-10-18,66.30000
2015-10-19,51.91000
2015-10-20,27.87000
2015-10-21,83.48000
2015-10-22,52.71000
2015-10-23,51.59000
2015-10-24,87.13000
2015-10-25,66.66000
2015-10-26,75.05000
2015-10-27,74.57000
2015-10-28,112.28000
2015-10-29,77.35000
2015-10-30,38.41000
2015-10-31,46.01000
2015-11-01,93.34000
2015-11-02,32.86000
2015-11-03,72.75000
2015-11-04,45.24000
2015-11-05,33.09000
2015-11-06,78.78000
2015-11-07,102.94000
2015-11-08,93.34000
2015-11-09,60.61000
2015-11-10,44.19000
2015-11-11,44.92000
2015-11-12,20.53000
2015-11-13,33.65000
2015-11-14,54.12000
2015-11-15,87.14000
2015-11-16,91.65000
2015-11-17,63.48000
2015-11-18,68.43000
2015-11-19,43.31000
2015-11-20,48.78000
2015-11-21,26.01000
2015-11-22,51.15000
2015-11-23,13.92000
2015-11-24,28.80000
2015-11-25,20.42000
2015-11-26,95.75000
2015-11-27,45.15000
2015-11-28,44.18000
2015-11-29,64.80000
2015-11-30,61.99000
2015-12-01,48.27000
2015-12-02,47.61000
2015-12-03,38.70000
2015-12-04,34.60000
2015-12-05,44.67000
2015-12-06,74.22000
2015-12-07,50.85000
2015-12-08,43.97000
2015-12-09,57.21000
2015-12-10,64.28000
2015-12-11,110.78000
2015-12-12,61.68000
2015-12-13,89.96000
2015-12-14,56.77000
2015-12-15,78.00000
2015-12-16,85.34000
2015-12-17,100.26000
2015-12-18,86.50000
2015-12-19,63.29000
2015-12-20,55.79000
2015-12-21,79.05000
2015-12-22,77.14000
2015-12-23,75.23000
2015-12-24,58.39000
2015-12-25,64.23000
2015-12-26,122.65000
2015-12-27,118.36000
2015-12-28,106.39000
2015-12-29,59.15000
2015-12-30,90.42000
2015-12-31,59.74000
2016-01-01,102.81000
2016-01-02,71.43000
2016-01-03,163.65000
2016-01-04,106.94000
2016-01-05,52.80000
2016-01-06,30.40000
2016-01-07,56.40000
2016-01-08,62.21000
2016-01-09,73.93000
2016-01-10,115.76000
2016-01-11,65.10000
2016-01-12,67.32000
2016-01-13,130.12000
2016-01-14,72.92000
2016-01-15,67.14000
2016-01-16,137.85000
2016-01-17,126.15000
2016-01-18,71.03000
2016-01-19,81.90000
2016-01-20,70.19000
2016-01-21,110.20000
2016-01-22,68.43000
2016-01-23,76.65000
2016-01-24,62.13000
2016-01-25,55.72000
2016-01-26,78.09000
2016-01-27,39.01000
2016-01-28,59.62000
2016-01-29,41.51000
2016-01-30,79.82000
2016-01-31,94.57000
2016-02-01,183.20000
2016-02-02,117.91000
2016-02-03,73.51000
2016-02-04,40.73000
2016-02-05,41.41000
2016-02-06,78.95000
2016-02-07,60.29000
2016-02-08,88.26000
2016-02-09,38.40000
2016-02-10,77.84000
2016-02-11,106.25000
2016-02-12,74.63000
2016-02-13,45.01000
2016-02-14,110.80000
2016-02-15,67.33000
2016-02-16,48.57000
2016-02-17,108.64000
2016-02-18,117.33000
2016-02-19,85.85000
2016-02-20,80.64000
2016-02-21,78.42000
2016-02-22,55.88000
2016-02-23,57.33000
2016-02-24,62.26000
2016-02-25,57.50000
2016-02-26,41.87000
2016-02-27,126.51000
2016-02-28,97.94000
2016-02-29,65.74000
2016-03-01,49.35000
2016-03-02,41.64000
2016-03-03,48.60000
2016-03-04,46.74000
2016-03-05,128.08000
2016-03-06,112.51000
2016-03-07,59.99000
2016-03-08,77.42000
2016-03-09,46.99000
2016-03-10,30.22000
2016-03-11,29.26000
2016-03-12,68.49000
2016-03-13,108.23000
2016-03-14,54.04000
2016-03-15,45.63000
2016-03-16,48.66000
2016-03-17,40.06000
2016-03-18,58.48000
2016-03-19,32.84000
2016-03-20,73.89000
2016-03-21,89.85000
2016-03-22,55.17000
2016-03-23,87.98000
2016-03-24,50.15000
2016-03-25,36.39000
2016-03-26,61.36000
2016-03-27,53.45000
2016-03-28,105.86000
2016-03-29,69.82000
2016-03-30,124.96000
2016-03-31,36.42000
2016-04-01,30.46000
2016-04-02,61.05000
2016-04-03,100.09000
2016-04-04,38.89000
2016-04-05,25.71000
2016-04-06,36.17000
2016-04-07,28.90000
2016-04-08,30.25000
2016-04-09,19.81000
2016-04-10,66.30000
2016-04-11,101.11000
2016-04-12,34.46000
2016-04-13,37.74000
2016-04-14,21.42000
2016-04-15,52.17000
2016-04-16,82.72000
2016-04-17,127.30000
2016-04-18,63.08000
2016-04-19,20.66000
2016-04-20,41.30000
2016-04-21,34.27000
2016-04-22,112.29000
2016-04-23,77.26000
2016-04-24,57.80000
2016-04-25,59.83000
2016-04-26,49.42000
2016-04-27,42.37000
2016-04-28,20.30000
2016-04-29,54.91000
2016-04-30,45.03000
2016-05-01,61.59000
2016-05-02,72.72000
2016-05-03,45.40000
2016-05-04,44.10000
2016-05-05,34.04000
2016-05-06,31.30000
2016-05-07,46.71000
2016-05-08,57.56000
2016-05-09,59.73000
2016-05-10,62.97000
2016-05-11,54.40000
2016-05-12,50.82000
2016-05-13,59.77000
2016-05-14,31.04000
2016-05-15,99.03000
2016-05-16,82.79000
2016-05-17,51.62000
2016-05-18,32.08000
2016-05-19,58.53000
2016-05-20,25.94000
2016-05-21,54.62000
2016-05-22,113.01000
2016-05-23,141.68000
2016-05-24,66.06000
2016-05-25,51.51000
2016-05-26,23.07000
2016-05-27,19.22000
2016-05-28,41.02000
2016-05-29,54.25000
2016-05-30,35.86000
2016-05-31,48.19000
2016-06-01,48.39000
2016-06-02,44.41000
2016-06-03,54.72000
2016-06-04,130.56000
2016-06-05,151.85000
2016-06-06,136.57000
2016-06-07,127.93000
2016-06-08,46.41000
2016-06-09,49.67000
2016-06-10,70.69000
2016-06-11,71.81000
2016-06-12,64.97000
2016-06-13,60.21000
2016-06-14,83.69000
2016-06-15,79.47000
2016-06-16,109.07000
2016-06-17,71.03000
2016-06-18,91.09000
2016-06-19,54.65000
2016-06-20,94.78000
2016-06-21,137.60000
2016-06-22,146.78000
2016-06-23,125.30000
2016-06-24,312.85000
2016-06-25,586.55000
2016-06-26,322.73000
2016-06-27,254.28000
2016-06-28,238.67000
2016-06-29,146.63000
2016-06-30,96.08000
2016-07-01,108.22000
2016-07-02,114.48000
2016-07-03,148.63000
2016-07-04,84.51000
2016-07-05,89.02000
2016-07-06,185.04000
2016-07-07,117.71000
2016-07-08,105.65000
2016-07-09,124.74000
2016-07-10,209.00000
2016-07-11,93.07000
2016-07-12,113.92000
2016-07-13,58.42000
2016-07-14,53.11000
2016-07-15,34.40000
2016-07-16,88.55000
2016-07-17,172.45000
2016-07-18,112.79000
2016-07-19,39.89000
2016-07-20,45.87000
2016-07-21,37.63000
2016-07-22,59.24000
2016-07-23,40.99000
2016-07-24,76.34000
2016-07-25,78.34000
2016-07-26,56.40000
2016-07-27,122.84000
2016-07-28,76.37000
2016-07-29,78.16000
2016-07-30,91.53000
2016-07-31,117.46000
2016-08-01,74.99000
2016-08-02,55.54000
2016-08-03,38.55000
2016-08-04,42.64000
2016-08-05,89.43000
2016-08-06,76.61000
2016-08-07,60.56000
2016-08-08,108.83000
2016-08-09,61.67000
2016-08-10,81.76000
2016-08-11,43.24000
2016-08-12,63.00000
2016-08-13,55.14000
2016-08-14,137.71000
2016-08-15,91.36000
2016-08-16,105.49000
2016-08-17,83.60000
2016-08-18,59.73000
2016-08-19,56.17000
2016-08-20,53.76000
2016-08-21,44.80000
2016-08-22,39.89000
2016-08-23,40.46000
2016-08-24,43.23000
2016-08-25,83.01000
2016-08-26,117.24000
2016-08-27,139.20000
2016-08-28,86.28000
2016-08-29,87.44000
2016-08-30,46.48000
2016-08-31,45.98000
2016-09-01,38.52000
2016-09-02,40.85000
2016-09-03,11.49000
2016-09-04,75.51000
2016-09-05,145.01000
2016-09-06,30.28000
2016-09-07,22.17000
2016-09-08,27.04000
2016-09-09,35.65000
2016-09-10,33.11000
2016-09-11,50.18000
2016-09-12,39.54000
2016-09-13,67.65000
2016-09-14,28.87000
2016-09-15,30.61000
2016-09-16,44.18000
2016-09-17,26.59000
2016-09-18,97.80000
2016-09-19,74.44000
2016-09-20,58.92000
2016-09-21,31.41000
2016-09-22,64.81000
2016-09-23,60.71000
2016-09-24,106.95000
2016-09-25,53.57000
2016-09-26,30.74000
2016-09-27,56.95000
2016-09-28,38.39000
2016-09-29,51.81000
2016-09-30,34.93000
2016-10-01,59.96000
2016-10-02,102.52000
2016-10-03,78.99000
2016-10-04,48.13000
2016-10-05,65.03000
2016-10-06,58.51000
2016-10-07,57.08000
2016-10-08,64.33000
2016-10-09,102.18000
2016-10-10,15.20000
2016-10-11,54.57000
2016-10-12,59.38000
2016-10-13,50.64000
2016-10-14,80.62000
2016-10-15,98.91000
2016-10-16,98.05000
2016-10-17,115.14000
2016-10-18,45.55000
2016-10-19,61.32000
2016-10-20,48.77000
2016-10-21,34.08000
2016-10-22,41.54000
2016-10-23,85.95000
2016-10-24,58.65000
2016-10-25,114.51000
2016-10-26,40.45000
2016-10-27,85.31000
2016-10-28,74.06000
2016-10-29,76.83000
2016-10-30,80.76000
2016-10-31,95.82000
2016-11-01,44.68000
2016-11-02,60.79000
2016-11-03,63.05000
2016-11-04,87.98000
2016-11-05,107.72000
2016-11-06,121.17000
2016-11-07,74.75000
2016-11-08,119.44000
2016-11-09,246.03000
2016-11-10,272.71000
2016-11-11,140.42000
2016-11-12,178.53000
2016-11-13,339.37000
2016-11-14,263.29000
2016-11-15,161.83000
2016-11-16,135.29000
2016-11-17,111.00000
2016-11-18,176.29000
2016-11-19,117.88000
2016-11-20,111.02000
2016-11-21,94.21000
2016-11-22,102.35000
2016-11-23,84.27000
2016-11-24,84.01000
2016-11-25,90.30000
2016-11-26,69.39000
2016-11-27,95.70000
2016-11-28,96.79000
2016-11-29,56.24000
2016-11-30,63.67000
2016-12-01,167.88000
2016-12-02,144.20000
2016-12-03,152.48000
2016-12-04,137.30000
2016-12-05,113.93000
2016-12-06,158.64000
2016-12-07,162.00000
2016-12-08,125.48000
2016-12-09,97.26000
2016-12-10,130.24000
2016-12-11,125.68000
2016-12-12,99.45000
2016-12-13,336.71000
2016-12-14,53.87000
2016-12-15,232.94000
2016-12-16,53.13000
2016-12-17,61.80000
2016-12-18,149.81000
2016-12-19,91.47000
2016-12-20,59.25000
2016-12-21,37.37000
2016-12-22,50.35000
2016-12-23,35.70000
2016-12-24,67.43000
2016-12-25,187.34000
2016-12-26,155.98000
2016-12-27,108.11000
2016-12-28,161.59000
2016-12-29,116.01000
2016-12-30,141.16000
2016-12-31,127.18000
2017-01-01,235.10000
2017-01-02,242.04000
2017-01-03,89.85000
2017-01-04,101.99000
2017-01-05,134.47000
2017-01-06,96.97000
2017-01-07,110.23000
2017-01-08,272.01000
2017-01-09,121.76000
2017-01-10,121.90000
2017-01-11,124.56000
2017-01-12,113.32000
2017-01-13,135.56000
2017-01-14,111.90000
2017-01-15,188.29000
2017-01-16,114.17000
2017-01-17,160.96000
2017-01-18,135.59000
2017-01-19,95.56000
2017-01-20,141.55000
2017-01-21,151.63000
2017-01-22,185.71000
2017-01-23,154.77000
2017-01-24,136.15000
2017-01-25,175.14000
2017-01-26,89.25000
2017-01-27,135.05000
2017-01-28,152.15000
2017-01-29,186.22000
2017-01-30,115.06000
2017-01-31,139.29000
2017-02-01,158.28000
2017-02-02,113.53000
2017-02-03,131.28000
2017-02-04,88.69000
2017-02-05,211.26000
2017-02-06,150.83000
2017-02-07,121.82000
2017-02-08,118.99000
2017-02-09,74.34000
2017-02-10,231.24000
2017-02-11,57.47000
2017-02-12,162.36000
2017-02-13,77.85000
2017-02-14,120.20000
2017-02-15,130.16000
2017-02-16,89.07000
2017-02-17,143.29000
2017-02-18,87.44000
2017-02-19,123.54000
2017-02-20,66.08000
2017-02-21,87.54000
2017-02-22,226.71000
2017-02-23,84.74000
2017-02-24,99.00000
2017-02-25,35.04000
2017-02-26,121.60000
2017-02-27,117.37000
2017-02-28,114.25000
2017-03-01,111.90000
2017-03-02,125.27000
2017-03-03,88.91000
2017-03-04,89.26000
2017-03-05,128.58000
2017-03-06,104.29000
2017-03-07,71.17000
2017-03-08,124.51000
2017-03-09,95.37000
2017-03-10,81.65000
2017-03-11,107.41000
2017-03-12,167.79000
2017-03-13,56.50000
2017-03-14,122.30000
2017-03-15,159.48000
2017-03-16,91.44000
2017-03-17,152.01000
2017-03-18,91.27000
2017-03-19,153.52000
2017-03-20,161.69000
2017-03-21,184.47000
2017-03-22,65.80000
2017-03-23,48.67000
2017-03-24,106.37000
2017-03-25,103.58000
2017-03-26,152.82000
2017-03-27,83.12000
2017-03-28,89.73000
2017-03-29,66.64000
2017-03-30,91.55000
2017-03-31,221.37000
2017-04-01,208.81000
2017-04-02,164.70000
2017-04-03,115.76000
2017-04-04,103.95000
2017-04-05,75.28000
2017-04-06,82.38000
2017-04-07,67.93000
2017-04-08,81.50000
2017-04-09,90.35000
2017-04-10,118.06000
2017-04-11,41.86000
2017-04-12,79.49000
2017-04-13,59.73000
2017-04-14,116.71000
2017-04-15,74.38000
2017-04-16,119.43000
2017-04-17,119.99000
2017-04-18,71.39000
2017-04-19,93.31000
2017-04-20,55.86000
2017-04-21,124.51000
2017-04-22,106.10000
2017-04-23,171.29000
2017-04-24,144.04000
2017-04-25,58.82000
2017-04-26,70.40000
2017-04-27,63.06000
2017-04-28,62.79000
2017-04-29,74.46000
2017-04-30,224.35000
2017-05-01,97.49000
2017-05-02,89.58000
2017-05-03,86.79000
2017-05-04,184.47000
2017-05-05,72.21000
2017-05-06,107.43000
2017-05-07,170.80000
2017-05-08,113.15000
2017-05-09,84.95000
2017-05-10,67.32000
2017-05-11,49.78000
2017-05-12,129.40000
2017-05-13,88.54000
2017-05-14,59.20000
2017-05-15,169.44000
2017-05-16,118.00000
2017-05-17,62.79000
2017-05-18,89.48000
2017-05-19,87.23000
2017-05-20,54.92000
2017-05-21,119.98000
2017-05-22,83.62000
2017-05-23,64.98000
2017-05-24,76.10000
2017-05-25,51.65000
2017-05-26,62.91000
2017-05-27,54.56000
2017-05-28,96.91000
2017-05-29,50.67000
2017-05-30,45.36000
2017-05-31,168.16000
2017-06-01,100.04000
2017-06-02,61.36000
2017-06-03,91.58000
2017-06-04,125.66000
2017-06-05,274.58000
2017-06-06,85.30000
2017-06-07,46.07000
2017-06-08,33.16000
2017-06-09,65.80000
2017-06-10,67.27000
2017-06-11,149.93000
2017-06-12,98.63000
2017-06-13,144.57000
2017-06-14,48.72000
2017-06-15,67.05000
2017-06-16,80.07000
2017-06-17,91.38000
2017-06-18,147.78000
2017-06-19,75.30000
2017-06-20,93.24000
2017-06-21,90.96000
2017-06-22,93.79000
2017-06-23,135.04000
2017-06-24,80.87000
2017-06-25,92.98000
2017-06-26,44.92000
2017-06-27,93.10000
2017-06-28,95.31000
2017-06-29,65.45000
2017-06-30,111.89000
2017-07-01,129.61000
2017-07-02,168.71000
2017-07-03,101.66000
2017-07-04,57.70000
2017-07-05,57.04000
2017-07-06,76.45000
2017-07-07,160.41000
2017-07-08,107.61000
2017-07-09,120.39000
2017-07-10,92.94000
2017-07-11,85.23000
2017-07-12,70.04000
2017-07-13,73.54000
2017-07-14,90.61000
2017-07-15,49.96000
2017-07-16,147.91000
2017-07-17,92.60000
2017-07-18,88.82000
2017-07-19,51.42000
2017-07-20,100.40000
2017-07-21,73.36000
2017-07-22,64.94000
2017-07-23,134.15000
2017-07-24,305.98000
2017-07-25,162.68000
2017-07-26,80.27000
2017-07-27,40.48000
2017-07-28,45.32000
2017-07-29,74.67000
2017-07-30,126.82000
2017-07-31,80.96000
2017-08-01,70.77000
2017-08-02,57.38000
2017-08-03,61.00000
2017-08-04,63.90000
2017-08-05,91.21000
2017-08-06,94.98000
2017-08-07,96.65000
2017-08-08,56.87000
2017-08-09,62.08000
2017-08-10,66.59000
2017-08-11,41.93000
2017-08-12,134.54000
2017-08-13,105.01000
2017-08-14,88.94000
2017-08-15,86.83000
2017-08-16,47.71000
2017-08-17,56.82000
2017-08-18,60.34000
2017-08-19,121.57000
2017-08-20,89.23000
2017-08-21,60.63000
2017-08-22,74.28000
2017-08-23,69.07000
2017-08-24,42.90000
2017-08-25,72.15000
2017-08-26,49.31000
2017-08-27,101.92000
2017-08-28,80.49000
2017-08-29,81.46000
2017-08-30,42.02000
2017-08-31,43.34000
2017-09-01,57.53000
2017-09-02,61.98000
2017-09-03,102.58000
2017-09-04,78.97000
2017-09-05,142.33000
2017-09-06,198.18000
2017-09-07,88.44000
2017-09-08,68.98000
2017-09-09,71.97000
2017-09-10,93.84000
2017-09-11,94.13000
2017-09-12,59.02000
2017-09-13,71.31000
2017-09-14,120.33000
2017-09-15,72.36000
2017-09-16,46.38000
2017-09-17,121.57000
2017-09-18,68.55000
2017-09-19,58.25000
2017-09-20,52.37000
2017-09-21,55.35000
2017-09-22,63.09000
2017-09-23,77.20000
2017-09-24,118.20000
2017-09-25,105.42000
2017-09-26,58.14000
2017-09-27,63.54000
2017-09-28,103.05000
2017-09-29,107.61000
2017-09-30,44.96000
2017-10-01,67.15000
2017-10-02,75.31000
2017-10-03,52.47000
2017-10-04,48.06000
2017-10-05,40.99000
2017-10-06,85.68000
2017-10-07,35.77000
2017-10-08,89.65000
2017-10-09,42.94000
2017-10-10,74.46000
2017-10-11,60.44000
2017-10-12,37.61000
2017-10-13,63.88000
2017-10-14,61.43000
2017-10-15,65.84000
2017-10-16,98.42000
2017-10-17,49.38000
2017-10-18,100.11000
2017-10-19,82.48000
2017-10-20,62.32000
2017-10-21,59.05000
2017-10-22,108.51000
2017-10-23,136.20000
2017-10-24,37.25000
2017-10-25,60.11000
2017-10-26,114.37000
2017-10-27,87.39000
2017-10-28,58.75000
2017-10-29,105.50000
2017-10-30,64.62000
2017-10-31,50.39000
2017-11-01,66.70000
2017-11-02,85.31000
2017-11-03,103.89000
2017-11-04,63.24000
2017-11-05,120.72000
2017-11-06,92.35000
2017-11-07,100.93000
2017-11-08,67.48000
2017-11-09,65.11000
2017-11-10,56.77000
2017-11-11,61.32000
2017-11-12,170.54000
2017-11-13,134.97000
2017-11-14,107.88000
2017-11-15,58.10000
2017-11-16,83.79000
2017-11-17,98.62000
2017-11-18,52.98000
2017-11-19,119.38000
2017-11-20,79.50000
2017-11-21,199.49000
2017-11-22,52.93000
2017-11-23,61.97000
2017-11-24,34.88000
2017-11-25,48.73000
2017-11-26,105.07000
2017-11-27,31.11000
2017-11-28,206.63000
2017-11-29,103.98000
2017-11-30,101.48000
2017-12-01,86.95000
2017-12-02,93.82000
2017-12-03,87.52000
2017-12-04,101.07000
2017-12-05,95.44000
2017-12-06,57.79000
2017-12-07,40.69000
2017-12-08,63.52000
2017-12-09,129.89000
2017-12-10,87.45000
2017-12-11,81.46000
2017-12-12,66.43000
2017-12-13,52.01000
2017-12-14,32.59000
2017-12-15,104.84000
2017-12-16,95.65000
2017-12-17,141.38000
2017-12-18,94.77000
2017-12-19,82.40000
2017-12-20,57.20000
2017-12-21,92.94000
2017-12-22,72.69000
2017-12-23,133.94000
2017-12-24,158.85000
2017-12-25,101.81000
2017-12-26,106.31000
2017-12-27,58.44000
2017-12-28,63.24000
2017-12-29,146.43000
2017-12-30,45.33000
2017-12-31,174.90000
2018-01-01,178.30000
2018-01-02,111.20000
2018-01-03,52.45000
2018-01-04,243.48000
2018-01-05,108.68000
2018-01-06,83.81000
2018-01-07,164.82000
2018-01-08,77.28000
2018-01-09,157.58000
2018-01-10,89.18000
2018-01-11,111.72000
2018-01-12,107.69000
2018-01-13,171.33000
2018-01-14,176.99000
2018-01-15,272.42000
2018-01-16,61.57000
2018-01-17,61.83000
2018-01-18,115.86000
2018-01-19,88.34000
2018-01-20,85.40000
2018-01-21,132.01000
2018-01-22,110.72000
2018-01-23,74.52000
2018-01-24,93.27000
2018-01-25,77.97000
2018-01-26,110.00000
2018-01-27,109.21000
2018-01-28,105.65000
2018-01-29,85.23000
2018-01-30,68.45000
2018-01-31,71.84000
2018-02-01,49.78000
2018-02-02,61.20000
2018-02-03,44.00000
2018-02-04,145.10000
2018-02-05,145.79000
2018-02-06,92.59000
2018-02-07,58.29000
2018-02-08,89.29000
2018-02-09,82.68000
2018-02-10,138.06000
2018-02-11,145.19000
2018-02-12,80.89000
2018-02-13,104.55000
2018-02-14,107.01000
2018-02-15,88.63000
2018-02-16,80.52000
2018-02-17,63.93000
2018-02-18,103.24000
2018-02-19,53.44000
2018-02-20,80.15000
2018-02-21,95.81000
2018-02-22,50.25000
2018-02-23,55.72000
2018-02-24,42.18000
2018-02-25,126.87000
2018-02-26,68.60000
2018-02-27,52.64000
2018-02-28,46.68000
2018-03-01,69.30000
2018-03-02,39.63000
2018-03-03,34.62000
2018-03-04,98.68000
2018-03-05,148.37000
2018-03-06,133.87000
2018-03-07,87.33000
2018-03-08,57.00000
2018-03-09,132.57000
2018-03-10,67.61000
2018-03-11,170.78000
2018-03-12,107.40000
2018-03-13,54.85000
2018-03-14,79.61000
2018-03-15,43.98000
2018-03-16,110.96000
2018-03-17,132.51000
2018-03-18,83.03000
2018-03-19,74.64000
2018-03-20,79.32000
2018-03-21,55.83000
2018-03-22,57.36000
2018-03-23,66.64000
2018-03-24,53.20000
2018-03-25,61.37000
2018-03-26,89.77000
2018-03-27,22.48000
2018-03-28,26.48000
2018-03-29,16.75000
2018-03-30,44.07000
2018-03-31,67.64000
2018-04-01,111.65000
2018-04-02,167.71000
2018-04-03,88.73000
2018-04-04,52.90000
2018-04-05,109.08000
2018-04-06,70.62000
2018-04-07,106.96000
2018-04-08,151.12000
2018-04-09,275.14000
2018-04-10,56.17000
2018-04-11,79.88000
2018-04-12,190.11000
2018-04-13,141.34000
2018-04-14,71.29000
2018-04-15,84.70000
2018-04-16,65.26000
2018-04-17,65.55000
2018-04-18,71.44000
2018-04-19,46.61000
2018-04-20,47.54000
2018-04-21,19.59000
2018-04-22,70.06000
2018-04-23,66.91000
2018-04-24,35.09000
2018-04-25,108.69000
2018-04-26,68.42000
2018-04-27,25.82000
2018-04-28,57.83000
2018-04-29,65.00000
2018-04-30,86.67000
2018-05-01,101.87000
2018-05-02,95.92000
2018-05-03,57.16000
2018-05-04,38.51000
2018-05-05,175.19000
2018-05-06,122.37000
2018-05-07,96.74000
2018-05-08,100.02000
2018-05-09,62.20000
2018-05-10,74.02000
2018-05-11,78.27000
2018-05-12,115.07000
2018-05-13,71.37000
2018-05-14,127.21000
2018-05-15,42.73000
2018-05-16,50.06000
2018-05-17,74.49000
2018-05-18,129.32000
2018-05-19,118.29000
2018-05-20,57.04000
2018-05-21,87.84000
2018-05-22,92.17000
2018-05-23,171.23000
2018-05-24,48.90000
2018-05-25,102.10000
2018-05-26,45.88000
2018-05-27,75.50000
2018-05-28,49.45000
2018-05-29,50.44000
2018-05-30,135.21000
2018-05-31,77.32000
2018-06-01,109.62000
2018-06-02,110.85000
2018-06-03,56.64000
2018-06-04,80.79000
2018-06-05,36.31000
2018-06-06,37.98000
2018-06-07,55.99000
2018-06-08,112.51000
2018-06-09,152.77000
2018-06-10,170.95000
2018-06-11,138.36000
2018-06-12,235.59000
2018-06-13,137.07000
2018-06-14,96.72000
2018-06-15,68.71000
2018-06-16,82.17000
2018-06-17,105.30000
2018-06-18,79.32000
2018-06-19,165.86000
2018-06-20,222.05000
2018-06-21,71.67000
2018-06-22,80.35000
2018-06-23,40.76000
2018-06-24,85.36000
2018-06-25,63.53000
2018-06-26,218.91000
2018-06-27,39.58000
2018-06-28,89.28000
2018-06-29,54.02000
2018-06-30,114.66000
2018-07-01,136.20000
2018-07-02,80.26000
2018-07-03,119.73000
2018-07-04,87.20000
2018-07-05,80.07000
2018-07-06,184.49000
2018-07-07,121.36000
2018-07-08,164.84000
2018-07-09,110.48000
2018-07-10,81.98000
2018-07-11,40.76000
2018-07-12,84.92000
2018-07-13,74.75000
2018-07-14,54.33000
2018-07-15,146.72000
2018-07-16,89.31000
2018-07-17,58.55000
2018-07-18,75.12000
2018-07-19,55.33000
2018-07-20,132.11000
2018-07-21,108.30000
2018-07-22,156.61000
2018-07-23,78.59000
2018-07-24,77.37000
2018-07-25,57.92000
2018-07-26,104.65000
2018-07-27,61.47000
2018-07-28,99.78000
2018-07-29,117.40000
2018-07-30,153.38000
2018-07-31,91.35000
2018-08-01,57.71000
2018-08-02,117.93000
2018-08-03,87.73000
2018-08-04,107.88000
2018-08-05,141.99000
2018-08-06,112.91000
2018-08-07,72.24000
2018-08-08,56.98000
2018-08-09,69.96000
2018-08-10,76.97000
2018-08-11,44.22000
2018-08-12,109.73000
2018-08-13,88.52000
2018-08-14,55.18000
2018-08-15,20.08000
2018-08-16,30.89000
2018-08-17,62.36000
2018-08-18,96.63000
2018-08-19,96.59000
2018-08-20,45.18000
2018-08-21,81.92000
2018-08-22,38.52000
2018-08-23,89.75000
2018-08-24,80.33000
2018-08-25,139.94000
2018-08-26,96.04000
2018-08-27,108.44000
2018-08-28,165.65000
2018-08-29,92.96000
2018-08-30,90.46000
2018-08-31,121.46000
2018-09-01,46.12000
2018-09-02,98.80000
2018-09-03,115.11000
2018-09-04,74.36000
2018-09-05,37.66000
2018-09-06,68.50000
2018-09-07,67.90000
2018-09-08,89.41000
2018-09-09,92.74000
2018-09-10,47.25000
2018-09-11,49.37000
2018-09-12,40.31000
2018-09-13,29.73000
2018-09-14,36.10000
2018-09-15,62.01000
2018-09-16,103.72000
2018-09-17,100.71000
2018-09-18,71.72000
2018-09-19,74.06000
2018-09-20,54.24000
2018-09-21,88.17000
2018-09-22,74.22000
2018-09-23,124.25000
2018-09-24,89.13000
2018-09-25,55.65000
2018-09-26,37.16000
2018-09-27,22.95000
2018-09-28,52.38000
2018-09-29,33.38000
2018-09-30,83.77000
2018-10-01,166.69000
2018-10-02,130.93000
2018-10-03,107.49000
2018-10-04,119.36000
2018-10-05,66.64000
2018-10-06,66.47000
2018-10-07,197.77000
2018-10-08,112.49000
2018-10-09,31.39000
2018-10-10,58.99000
2018-10-11,68.38000
2018-10-12,103.11000
2018-10-13,70.22000
2018-10-14,92.58000
2018-10-15,85.80000
2018-10-16,109.71000
2018-10-17,77.94000
2018-10-18,100.13000
2018-10-19,70.30000
2018-10-20,61.88000
2018-10-21,118.94000
2018-10-22,89.49000
2018-10-23,52.04000
2018-10-24,73.60000
2018-10-25,89.53000
2018-10-26,65.53000
2018-10-27,79.20000
2018-10-28,136.61000
2018-10-29,64.23000
2018-10-30,51.28000
2018-10-31,79.07000
2018-11-01,84.17000
2018-11-02,82.99000
2018-11-03,77.39000
2018-11-04,223.53000
2018-11-05,90.47000
2018-11-06,148.95000
2018-11-07,61.17000
2018-11-08,51.63000
2018-11-09,41.01000
2018-11-10,54.44000
2018-11-11,64.34000
2018-11-12,42.33000
2018-11-13,64.87000
2018-11-14,53.94000
2018-11-15,55.04000
2018-11-16,30.47000
2018-11-17,34.95000
2018-11-18,90.25000
2018-11-19,10.92000
2018-11-20,29.26000
2018-11-21,46.86000
2018-11-22,21.81000
2018-11-23,24.17000
2018-11-24,49.06000
2018-11-25,168.06000
2018-11-26,168.44000
2018-11-27,93.08000
2018-11-28,100.92000
2018-11-29,183.21000
2018-11-30,136.43000
2018-12-01,142.31000
2018-12-02,167.46000
2018-12-03,158.49000
2018-12-04,109.29000
2018-12-05,83.26000
2018-12-06,110.19000
2018-12-07,101.45000
2018-12-08,123.21000
2018-12-09,130.49000
2018-12-10,71.08000
2018-12-11,88.44000
2018-12-12,57.97000
2018-12-13,121.67000
2018-12-14,86.56000
2018-12-15,90.26000
2018-12-16,186.66000
2018-12-17,101.75000
2018-12-18,103.24000
2018-12-19,114.17000
2018-12-20,79.38000
2018-12-21,144.91000
2018-12-22,10.92000
2018-12-23,261.36000
2018-12-24,141.79000
2018-12-25,171.11000
2018-12-26,198.19000
2018-12-27,161.10000
2018-12-28,156.65000
2018-12-29,116.81000
2018-12-30,213.53000
2018-12-31,149.82000
2019-01-01,204.03000
2019-01-02,146.97000
2019-01-03,212.58000
2019-01-04,153.15000
2019-01-05,4.70000
2019-01-06,230.39000
2019-01-07,148.61000
2019-01-08,259.25000
2019-01-09,120.42000
2019-01-10,148.84000
2019-01-11,170.68000
2019-01-12,175.61000
2019-01-13,120.96000
2019-01-14,223.58000
2019-01-15,104.39000
2019-01-16,173.46000
2019-01-17,168.92000
2019-01-18,154.17000
2019-01-19,109.00000
2019-01-20,178.48000
2019-01-21,216.29000
2019-01-22,107.95000
2019-01-23,88.26000
2019-01-24,106.06000
2019-01-25,105.17000
2019-01-26,107.16000
2019-01-27,218.94000
2019-01-28,73.71000
2019-01-29,62.53000
2019-01-30,123.71000
2019-01-31,126.24000
2019-02-01,95.81000
2019-02-02,82.06000
2019-02-03,134.38000
2019-02-04,216.31000
2019-02-05,87.75000
2019-02-06,145.25000
2019-02-07,93.79000
2019-02-08,76.81000
2019-02-09,49.63000
2019-02-10,95.37000
2019-02-11,59.53000
2019-02-12,45.91000
2019-02-13,93.01000
2019-02-14,35.99000
2019-02-15,55.54000
2019-02-16,27.08000
2019-02-17,10.92000
2019-02-18,57.35000
2019-02-19,79.79000
2019-02-20,65.36000
2019-02-21,87.44000
2019-02-22,115.34000
2019-02-23,93.12000
2019-02-24,4.05000
2019-02-25,84.03000
2019-02-26,68.54000
2019-02-27,128.81000
2019-02-28,125.24000
2019-03-01,110.76000
2019-03-02,118.68000
2019-03-03,101.11000
2019-03-04,71.01000
2019-03-05,138.38000
2019-03-06,78.64000
2019-03-07,138.86000
2019-03-08,81.81000
2019-03-09,67.73000
2019-03-10,138.96000
2019-03-11,161.35000
2019-03-12,93.23000
2019-03-13,81.38000
2019-03-14,56.33000
2019-03-15,66.48000
2019-03-16,65.37000
2019-03-17,101.36000
2019-03-18,77.23000
2019-03-19,82.83000
2019-03-20,75.89000
2019-03-21,91.17000
2019-03-22,83.99000
2019-03-23,102.40000
2019-03-24,127.53000
2019-03-25,69.27000
2019-03-26,78.28000
2019-03-27,92.66000
2019-03-28,53.74000
2019-03-29,91.25000
2019-03-30,101.92000
2019-03-31,134.75000
2019-04-01,117.34000
2019-04-02,130.56000
2019-04-03,81.95000
2019-04-04,82.78000
2019-04-05,50.15000
2019-04-06,108.22000
2019-04-07,127.54000
2019-04-08,58.07000
2019-04-09,60.19000
2019-04-10,71.78000
2019-04-11,54.57000
2019-04-12,75.79000
2019-04-13,66.73000
2019-04-14,161.23000
2019-04-15,76.25000
2019-04-16,58.10000
2019-04-17,63.24000
2019-04-18,56.96000
2019-04-19,48.34000
2019-04-20,52.37000
2019-04-21,83.39000
2019-04-22,78.68000
2019-04-23,56.96000
2019-04-24,60.14000
2019-04-25,76.31000
2019-04-26,67.89000
2019-04-27,56.25000
2019-04-28,107.52000
2019-04-29,97.53000
2019-04-30,75.34000
2019-05-01,112.75000
2019-05-02,30.20000
2019-05-03,57.65000
2019-05-04,71.39000
2019-05-05,98.38000
2019-05-06,93.78000
2019-05-07,111.09000
2019-05-08,101.81000
2019-05-09,67.46000
2019-05-10,108.12000
2019-05-11,46.84000
2019-05-12,155.26000
2019-05-13,94.65000
2019-05-14,126.65000
2019-05-15,132.30000
2019-05-16,94.72000
2019-05-17,117.89000
2019-05-18,95.04000
2019-05-19,95.86000
2019-05-20,95.08000
2019-05-21,73.80000
2019-05-22,69.80000
2019-05-23,71.04000
2019-05-24,144.24000
2019-05-25,151.55000
2019-05-26,138.34000
2019-05-27,102.04000
2019-05-28,69.48000
2019-05-29,55.62000
2019-05-30,50.84000
2019-05-31,94.35000
2019-06-01,97.55000
2019-06-02,159.79000
2019-06-03,72.86000
2019-06-04,120.06000
2019-06-05,217.51000
2019-06-06,137.43000
2019-06-07,242.25000
2019-06-08,139.29000
2019-06-09,174.61000
2019-06-10,162.10000
2019-06-11,130.24000
2019-06-12,116.03000
2019-06-13,143.87000
2019-06-14,145.07000
2019-06-15,175.49000
2019-06-16,198.50000
2019-06-17,82.16000
2019-06-18,146.35000
2019-06-19,77.89000
2019-06-20,116.67000
2019-06-21,178.92000
2019-06-22,127.09000
2019-06-23,245.77000
2019-06-24,92.75000
2019-06-25,74.19000
2019-06-26,142.51000
2019-06-27,64.08000
2019-06-28,129.48000
2019-06-29,96.20000
2019-06-30,114.41000
2019-07-01,174.62000
2019-07-02,144.12000
2019-07-03,126.27000
2019-07-04,96.84000
2019-07-05,72.83000
2019-07-06,93.29000
2019-07-07,180.55000
2019-07-08,72.06000
2019-07-09,40.14000
2019-07-10,45.62000
2019-07-11,103.84000
2019-07-12,72.49000
2019-07-13,126.95000
2019-07-14,58.43000
2019-07-15,72.19000
2019-07-16,53.41000
2019-07-17,77.06000
2019-07-18,61.63000
2019-07-19,61.84000
2019-07-20,28.88000
2019-07-21,112.14000
2019-07-22,75.32000
2019-07-23,114.24000
2019-07-24,79.72000
2019-07-25,40.68000
2019-07-26,116.11000
2019-07-27,174.53000
2019-07-28,133.67000
2019-07-29,86.97000
2019-07-30,139.24000
2019-07-31,103.01000
2019-08-01,150.20000
2019-08-02,117.41000
2019-08-03,153.64000
2019-08-04,87.14000
2019-08-05,83.03000
2019-08-06,84.05000
2019-08-07,92.22000
2019-08-08,93.48000
2019-08-09,92.35000
2019-08-10,57.72000
2019-08-11,123.95000
2019-08-12,109.59000
2019-08-13,70.10000
2019-08-14,133.71000
2019-08-15,144.25000
2019-08-16,105.71000
2019-08-17,176.17000
2019-08-18,196.87000
2019-08-19,144.84000
2019-08-20,229.29000
2019-08-21,278.29000
2019-08-22,186.06000
2019-08-23,268.83000
2019-08-24,386.19000
2019-08-25,321.21000
2019-08-26,267.98000
2019-08-27,173.50000
2019-08-28,132.75000
2019-08-29,100.25000
2019-08-30,116.43000
2019-08-31,135.02000
2019-09-01,242.38000
2019-09-02,229.98000
2019-09-03,95.61000
2019-09-04,92.02000
2019-09-05,106.57000
2019-09-06,130.51000
2019-09-07,160.77000
2019-09-08,128.76000
2019-09-09,65.84000
2019-09-10,64.63000
2019-09-11,58.52000
2019-09-12,100.33000
2019-09-13,103.12000
2019-09-14,103.05000
2019-09-15,154.30000
2019-09-16,67.24000
2019-09-17,79.18000
2019-09-18,72.64000
2019-09-19,184.82000
2019-09-20,98.34000
2019-09-21,139.28000
2019-09-22,133.98000
2019-09-23,134.52000
2019-09-24,120.81000
2019-09-25,144.83000
2019-09-26,60.07000
2019-09-27,101.26000
2019-09-28,97.83000
2019-09-29,165.02000
2019-09-30,113.00000
2019-10-01,65.08000
2019-10-02,92.82000
2019-10-03,46.59000
2019-10-04,105.75000
2019-10-05,200.44000
2019-10-06,192.80000
2019-10-07,137.56000
2019-10-08,165.35000
2019-10-09,62.58000
2019-10-10,119.93000
2019-10-11,95.08000
2019-10-12,88.08000
2019-10-13,80.63000
2019-10-14,108.55000
2019-10-15,68.05000
2019-10-16,114.65000
2019-10-17,156.80000
2019-10-18,64.05000
2019-10-19,60.31000
2019-10-20,56.13000
2019-10-21,57.74000
2019-10-22,42.25000
2019-10-23,80.02000
2019-10-24,56.27000
2019-10-25,67.88000
2019-10-26,78.83000
2019-10-27,166.39000
2019-10-28,28.94000
2019-10-29,134.13000
2019-10-30,111.12000
2019-10-31,133.29000
2019-11-01,35.14000
2019-11-02,135.00000
2019-11-03,143.99000
2019-11-04,75.66000
2019-11-05,129.40000
2019-11-06,48.77000
2019-11-07,67.84000
2019-11-08,127.43000
2019-11-09,125.21000
2019-11-10,118.98000
2019-11-11,101.72000
2019-11-12,89.57000
2019-11-13,106.88000
2019-11-14,53.75000
2019-11-15,56.77000
2019-11-16,91.22000
2019-11-17,125.90000
2019-11-18,19.85000
2019-11-19,33.14000
2019-11-20,46.27000
2019-11-21,65.17000
2019-11-22,83.86000
2019-11-23,63.35000
2019-11-24,110.11000
2019-11-25,41.17000
2019-11-26,37.49000
2019-11-27,37.18000
2019-11-28,97.06000
2019-11-29,122.19000
2019-11-30,41.19000
2019-12-01,99.73000
2019-12-02,86.08000
2019-12-03,69.28000
2019-12-04,64.18000
2019-12-05,36.86000
2019-12-06,134.85000
2019-12-07,174.94000
2019-12-08,219.84000
2019-12-09,130.15000
2019-12-10,189.13000
2019-12-11,111.83000
2019-12-12,99.79000
2019-12-13,164.40000
2019-12-14,139.75000
2019-12-15,110.44000
2019-12-16,79.66000
2019-12-17,140.79000
2019-12-18,89.87000
2019-12-19,70.52000
2019-12-20,141.48000
2019-12-21,155.23000
2019-12-22,190.14000
2019-12-23,110.91000
2019-12-24,97.08000
2019-12-25,43.46000
2019-12-26,106.92000
2019-12-27,127.92000
2019-12-28,123.10000
2019-12-29,245.14000
2019-12-30,101.31000
2019-12-31,105.75000
2020-01-01,186.06000
2020-01-02,139.13000
2020-01-03,108.10000
2020-01-04,212.82000
2020-01-05,173.76000
2020-01-06,147.96000
2020-01-07,103.98000
2020-01-08,91.15000
2020-01-09,71.92000
2020-01-10,74.58000
2020-01-11,127.36000
2020-01-12,159.24000
2020-01-13,124.82000
2020-01-14,109.27000
2020-01-15,98.77000
2020-01-16,88.05000
2020-01-17,77.76000
2020-01-18,89.29000
2020-01-19,162.21000
2020-01-20,96.05000
2020-01-21,87.56000
2020-01-22,77.19000
2020-01-23,70.67000
2020-01-24,48.48000
2020-01-25,78.77000
2020-01-26,137.56000
2020-01-27,22.25000
2020-01-28,94.68000
2020-01-29,88.62000
2020-01-30,142.05000
2020-01-31,122.20000
2020-02-01,147.37000
2020-02-02,104.49000
2020-02-03,124.15000
2020-02-04,111.96000
2020-02-05,84.94000
2020-02-06,81.75000
2020-02-07,130.27000
2020-02-08,87.80000
2020-02-09,113.95000
2020-02-10,111.39000
2020-02-11,152.71000
2020-02-12,79.26000
2020-02-13,82.23000
2020-02-14,71.98000
2020-02-15,82.10000
2020-02-16,131.52000
2020-02-17,82.54000
2020-02-18,77.38000
2020-02-19,56.47000
2020-02-20,103.70000
2020-02-21,106.59000
2020-02-22,177.27000
2020-02-23,144.34000
2020-02-24,88.73000
2020-02-25,147.84000
2020-02-26,97.49000
2020-02-27,106.55000
2020-02-28,172.45000
2020-02-29,225.32000
2020-03-01,175.73000
2020-03-02,153.53000
2020-03-03,132.55000
2020-03-04,197.20000
2020-03-05,118.02000
2020-03-06,132.50000
2020-03-07,122.57000
2020-03-08,250.63000
2020-03-09,276.24000
2020-03-10,296.12000
2020-03-11,234.73000
2020-03-12,187.08000
2020-03-13,330.85000
2020-03-14,236.03000
2020-03-15,468.43000
2020-03-16,323.71000
2020-03-17,378.92000
2020-03-18,455.45000
2020-03-19,514.67000
2020-03-20,633.51000
2020-03-21,538.95000
2020-03-22,651.07000
2020-03-23,572.94000
2020-03-24,596.78000
2020-03-25,449.86000
2020-03-26,670.30000
2020-03-27,557.18000
2020-03-28,515.39000
2020-03-29,743.13000
2020-03-30,361.46000
2020-03-31,516.55000
2020-04-01,474.81000
2020-04-02,738.02000
2020-04-03,540.50000
2020-04-04,636.21000
2020-04-05,739.55000
2020-04-06,605.38000
2020-04-07,468.08000
2020-04-08,524.13000
2020-04-09,417.54000
2020-04-10,461.87000
2020-04-11,547.40000
2020-04-12,558.22000
2020-04-13,638.81000
2020-04-14,441.32000
2020-04-15,455.68000
2020-04-16,505.52000
2020-04-17,573.70000
2020-04-18,529.03000
2020-04-19,594.11000
2020-04-20,618.66000
2020-04-21,599.13000
2020-04-22,511.42000
2020-04-23,505.54000
2020-04-24,562.50000
2020-04-25,555.71000
2020-04-26,855.17000
2020-04-27,642.66000
2020-04-28,479.89000
2020-04-29,439.11000
2020-04-30,440.07000
2020-05-01,516.72000
2020-05-02,387.24000
2020-05-03,541.24000
2020-05-04,449.38000
2020-05-05,807.66000
2020-05-06,498.71000
2020-05-07,504.24000
2020-05-08,488.53000
2020-05-09,621.96000
2020-05-10,536.09000
2020-05-11,527.36000
2020-05-12,442.15000
2020-05-13,553.21000
2020-05-14,508.02000
2020-05-15,374.22000
2020-05-16,385.27000
2020-05-17,861.10000
2020-05-18,511.62000
2020-05-19,363.66000
2020-05-20,420.68000
2020-05-21,361.11000
2020-05-22,418.96000
2020-05-23,441.45000
2020-05-24,458.16000
2020-05-25,462.96000
2020-05-26,389.21000
2020-05-27,355.10000
2020-05-28,421.99000
2020-05-29,426.28000
2020-05-30,418.18000
2020-05-31,557.19000
2020-06-01,226.80000
2020-06-02,257.49000
2020-06-03,287.17000
2020-06-04,231.24000
2020-06-05,235.07000
2020-06-06,277.42000
2020-06-07,391.21000
2020-06-08,318.64000
2020-06-09,191.32000
2020-06-10,237.88000
2020-06-11,317.86000
2020-06-12,293.12000
2020-06-13,373.28000
2020-06-14,397.45000
2020-06-15,300.34000
2020-06-16,319.69000
2020-06-17,348.40000
2020-06-18,322.96000
2020-06-19,450.64000
2020-06-20,515.46000
2020-06-21,413.51000
2020-06-22,259.55000
2020-06-23,309.15000
2020-06-24,224.40000
2020-06-25,225.72000
2020-06-26,260.33000
2020-06-27,276.22000
2020-06-28,561.21000
2020-06-29,301.58000
2020-06-30,292.37000
2020-07-01,329.62000
2020-07-02,249.70000
2020-07-03,412.01000
2020-07-04,347.74000
2020-07-05,415.94000
2020-07-06,389.20000
2020-07-07,278.61000
2020-07-08,319.33000
2020-07-09,267.49000
2020-07-10,259.27000
2020-07-11,237.89000
2020-07-12,496.99000
2020-07-13,212.54000
2020-07-14,308.28000
2020-07-15,352.74000
2020-07-16,313.71000
2020-07-17,555.06000
2020-07-18,388.97000
2020-07-19,640.00000
2020-07-20,430.14000
2020-07-21,423.52000
2020-07-22,297.02000
2020-07-23,282.10000
2020-07-24,290.25000
2020-07-25,279.85000
2020-07-26,465.25000
2020-07-27,521.96000
2020-07-28,315.73000
2020-07-29,370.27000
2020-07-30,307.77000
2020-07-31,384.08000
2020-08-01,304.70000
2020-08-02,405.97000
2020-08-03,271.04000
2020-08-04,391.33000
2020-08-05,253.99000
2020-08-06,285.63000
2020-08-07,276.70000
2020-08-08,353.43000
2020-08-09,398.91000
2020-08-10,388.62000
2020-08-11,359.14000
2020-08-12,202.20000
2020-08-13,282.72000
2020-08-14,345.80000
2020-08-15,324.57000
2020-08-16,531.90000
2020-08-17,350.55000
2020-08-18,341.68000
2020-08-19,216.18000
2020-08-20,250.25000
2020-08-21,286.03000
2020-08-22,217.76000
2020-08-23,380.20000
2020-08-24,186.90000
2020-08-25,213.68000
2020-08-26,154.27000
2020-08-27,180.61000
2020-08-28,296.28000
2020-08-29,339.77000
2020-08-30,296.28000
2020-08-31,169.10000
2020-09-01,204.69000
2020-09-02,237.83000
2020-09-03,243.52000
2020-09-04,224.01000
2020-09-05,258.22000
2020-09-06,484.25000
2020-09-07,491.37000
2020-09-08,208.78000
2020-09-09,209.54000
2020-09-10,218.10000
2020-09-11,237.03000
2020-09-12,218.84000
2020-09-13,318.66000
2020-09-14,270.62000
2020-09-15,245.27000
2020-09-16,244.64000
2020-09-17,248.91000
2020-09-18,244.41000
2020-09-19,187.42000
2020-09-20,437.15000
2020-09-21,177.56000
2020-09-22,126.10000
2020-09-23,161.46000
2020-09-24,246.25000
2020-09-25,252.32000
2020-09-26,134.92000
2020-09-27,317.07000
2020-09-28,189.79000
2020-09-29,185.60000
2020-09-30,207.77000
2020-10-01,259.50000
2020-10-02,390.29000
2020-10-03,340.62000
2020-10-04,332.63000
2020-10-05,273.84000
2020-10-06,334.28000
2020-10-07,426.88000
2020-10-08,294.91000
2020-10-09,306.70000
2020-10-10,396.92000
2020-10-11,492.14000
2020-10-12,289.70000
2020-10-13,220.87000
2020-10-14,341.81000
2020-10-15,141.19000
2020-10-16,200.48000
2020-10-17,161.13000
2020-10-18,285.62000
2020-10-19,249.35000
2020-10-20,234.01000
2020-10-21,158.05000
2020-10-22,167.77000
2020-10-23,138.34000
2020-10-24,129.44000
2020-10-25,369.86000
2020-10-26,294.62000
2020-10-27,187.07000
2020-10-28,234.14000
2020-10-29,298.36000
2020-10-30,277.43000
2020-10-31,186.36000
2020-11-01,271.71000
2020-11-02,418.93000
2020-11-03,335.30000
2020-11-04,370.70000
2020-11-05,303.07000
2020-11-06,390.29000
2020-11-07,452.23000
2020-11-08,416.76000
2020-11-09,254.34000
2020-11-10,192.03000
2020-11-11,252.06000
2020-11-12,184.25000
2020-11-13,123.79000
2020-11-14,225.66000
2020-11-15,218.90000
2020-11-16,254.24000
2020-11-17,196.81000
2020-11-18,154.81000
2020-11-19,224.65000
2020-11-20,230.20000
2020-11-21,196.02000
2020-11-22,359.33000
2020-11-23,415.59000
2020-11-24,262.51000
2020-11-25,276.82000
2020-11-26,157.55000
2020-11-27,238.32000
2020-11-28,149.05000
2020-11-29,258.52000
2020-11-30,156.15000
2020-12-01,248.20000
2020-12-02,156.70000
2020-12-03,189.91000
2020-12-04,215.13000
2020-12-05,141.89000
2020-12-06,363.84000
2020-12-07,269.89000
2020-12-08,259.64000
2020-12-09,144.77000
2020-12-10,256.04000
2020-12-11,122.30000
2020-12-12,141.22000
2020-12-13,379.17000
2020-12-14,186.91000
2020-12-15,139.29000
2020-12-16,136.12000
2020-12-17,195.87000
2020-12-18,146.67000
2020-12-19,154.77000
2020-12-20,196.41000
2020-12-21,246.79000
2020-12-22,147.55000
2020-12-23,291.07000
2020-12-24,256.16000
2020-12-25,174.42000
2020-12-26,699.78000
2020-12-27,358.97000
2020-12-28,217.47000
2020-12-29,286.36000
2020-12-30,368.46000
2020-12-31,307.12000
2021-01-01,429.48000
2021-01-02,190.39000
2021-01-03,324.05000
2021-01-04,233.30000
2021-01-05,208.61000
2021-01-06,139.81000
2021-01-07,124.29000
2021-01-08,104.80000
2021-01-09,115.22000
2021-01-10,283.14000
2021-01-11,308.70000
2021-01-12,229.15000
2021-01-13,223.57000
2021-01-14,157.94000
2021-01-15,149.93000
2021-01-16,228.30000
2021-01-17,209.94000
2021-01-18,159.60000
2021-01-19,170.18000
2021-01-20,309.33000
2021-01-21,280.95000
2021-01-22,192.00000
2021-01-23,147.81000
2021-01-24,291.37000
2021-01-25,241.85000
2021-01-26,254.93000
2021-01-27,251.13000
2021-01-28,150.00000
2021-01-29,248.96000
2021-01-30,139.41000
2021-01-31,199.79000
2021-02-01,144.04000
2021-02-02,282.75000
2021-02-03,145.65000
2021-02-04,129.36000
2021-02-05,111.20000
2021-02-06,99.84000
2021-02-07,200.27000
2021-02-08,232.61000
2021-02-09,84.45000
2021-02-10,113.01000
2021-02-11,121.93000
2021-02-12,211.29000
2021-02-13,180.00000
2021-02-14,153.61000
2021-02-15,152.79000
2021-02-16,150.29000
2021-02-17,84.88000
2021-02-18,148.02000
2021-02-19,106.51000
2021-02-20,107.05000
2021-02-21,135.80000
2021-02-22,132.30000
2021-02-23,145.25000
2021-02-24,186.94000
2021-02-25,124.74000
2021-02-26,223.25000
2021-02-27,220.62000
2021-02-28,194.65000
2021-03-01,257.79000
2021-03-02,122.00000
2021-03-03,103.44000
2021-03-04,76.48000
2021-03-05,231.03000
2021-03-06,206.96000
2021-03-07,229.10000
2021-03-08,328.48000
2021-03-09,167.78000
2021-03-10,195.33000
2021-03-11,275.24000
2021-03-12,106.71000
2021-03-13,108.34000
2021-03-14,216.17000
2021-03-15,206.85000
2021-03-16,87.46000
2021-03-17,187.89000
2021-03-18,180.02000
2021-03-19,211.66000
2021-03-20,301.26000
2021-03-21,152.98000
2021-03-22,275.36000
2021-03-23,193.53000
2021-03-24,126.24000
2021-03-25,142.05000
2021-03-26,108.99000
2021-03-27,87.78000
2021-03-28,155.99000
2021-03-29,177.66000
2021-03-30,121.16000
2021-03-31,136.03000
2021-04-01,76.09000
2021-04-02,130.61000
2021-04-03,120.78000
2021-04-04,210.38000
2021-04-05,181.60000
2021-04-06,125.46000
2021-04-07,205.44000
2021-04-08,115.07000
2021-04-09,115.04000
2021-04-10,138.65000
2021-04-11,300.55000
2021-04-12,69.60000
2021-04-13,112.82000
2021-04-14,65.13000
2021-04-15,111.93000
2021-04-16,86.85000
2021-04-17,108.04000
2021-04-18,128.86000
2021-04-19,92.00000
2021-04-20,89.99000
2021-04-21,100.71000
2021-04-22,70.82000
2021-04-23,102.84000
2021-04-24,76.35000
2021-04-25,106.95000
2021-04-26,84.99000
2021-04-27,165.42000
2021-04-28,102.30000
2021-04-29,153.32000
2021-04-30,125.83000
2021-05-01,107.84000
2021-05-02,184.49000
2021-05-03,297.27000
2021-05-04,119.20000
2021-05-05,176.89000
2021-05-06,142.69000
2021-05-07,170.41000
2021-05-08,134.17000
2021-05-09,114.94000
2021-05-10,168.80000
2021-05-11,175.89000
2021-05-12,78.69000
2021-05-13,94.86000
2021-05-14,100.11000
2021-05-15,53.79000
2021-05-16,129.73000
2021-05-17,128.94000
2021-05-18,96.50000
2021-05-19,147.83000
2021-05-20,189.95000
2021-05-21,109.23000
2021-05-22,81.13000
2021-05-23,182.10000
2021-05-24,184.69000
2021-05-25,145.98000
2021-05-26,71.78000
2021-05-27,70.53000
2021-05-28,172.20000
2021-05-29,20.72000
2021-05-30,92.20000
2021-05-31,75.24000
2021-06-01,172.51000
2021-06-02,84.30000
2021-06-03,110.71000
2021-06-04,68.68000
2021-06-05,49.09000
2021-06-06,123.39000
2021-06-07,112.48000
2021-06-08,111.13000
2021-06-09,124.15000
2021-06-10,120.56000
2021-06-11,99.08000
2021-06-12,50.20000
2021-06-13,128.88000
2021-06-14,118.83000
2021-06-15,105.28000
2021-06-16,106.81000
2021-06-17,96.76000
2021-06-18,140.39000
2021-06-19,65.54000
2021-06-20,97.90000
2021-06-21,177.46000
2021-06-22,101.50000
2021-06-23,62.03000
2021-06-24,111.89000
2021-06-25,102.22000
2021-06-26,71.94000
2021-06-27,322.49000
2021-06-28,141.86000
